date,brand,trend_direction,trend_slope,forecast_7,forecast_30,forecast_90
2026-03-25,flipkart,Improving,0.05,"[0.2075, 0.2225, 0.2375, 0.2525, 0.2675, 0.2825, 0.2975]","[0.2075, 0.2225, 0.2375, 0.2525, 0.2675, 0.2825, 0.2975, 0.3125, 0.3275, 0.3425, 0.3575, 0.3725, 0.3875, 0.4025, 0.4175, 0.4325, 0.4475, 0.4625, 0.4775, 0.4925, 0.5075, 0.5225, 0.5375, 0.5525, 0.5675, 0.5825, 0.5975, 0.6125, 0.6275, 0.6425]","[0.2075, 0.2225, 0.2375, 0.2525, 0.2675, 0.2825, 0.2975, 0.3125, 0.3275, 0.3425, 0.3575, 0.3725, 0.3875, 0.4025, 0.4175, 0.4325, 0.4475, 0.4625, 0.4775, 0.4925, 0.5075, 0.5225, 0.5375, 0.5525, 0.5675, 0.5825, 0.5975, 0.6125, 0.6275, 0.6425, 0.6575, 0.6725, 0.6875, 0.7025, 0.7175, 0.7325, 0.7475, 0.7625, 0.7775, 0.7925, 0.8075, 0.8225, 0.8375, 0.8525, 0.8675, 0.8825, 0.8975, 0.9125, 0.9275, 0.9425, 0.9575, 0.9725, 0.9875, 1.0, 1.0, 1.0, 1.0, 1.0, 1.0, 1.0, 1.0, 1.0, 1.0, 1.0, 1.0, 1.0, 1.0, 1.0, 1.0, 1.0, 1.0, 1.0, 1.0, 1.0, 1.0, 1.0, 1.0, 1.0, 1.0, 1.0, 1.0, 1.0, 1.0, 1.0, 1.0, 1.0, 1.0, 1.0, 1.0, 1.0]"
2026-03-25,amazon india,Improving,0.4,"[0.6775, 0.7975, 0.9175, 1.0, 1.0, 1.0, 1.0]","[0.6775, 0.7975, 0.9175, 1.0, 1.0, 1.0, 1.0, 1.0, 1.0, 1.0, 1.0, 1.0, 1.0, 1.0, 1.0, 1.0, 1.0, 1.0, 1.0, 1.0, 1.0, 1.0, 1.0, 1.0, 1.0, 1.0, 1.0, 1.0, 1.0, 1.0]","[0.6775, 0.7975, 0.9175, 1.0, 1.0, 1.0, 1.0, 1.0, 1.0, 1.0, 1.0, 1.0, 1.0, 1.0, 1.0, 1.0, 1.0, 1.0, 1.0, 1.0, 1.0, 1.0, 1.0, 1.0, 1.0, 1.0, 1.0, 1.0, 1.0, 1.0, 1.0, 1.0, 1.0, 1.0, 1.0, 1.0, 1.0, 1.0, 1.0, 1.0, 1.0, 1.0, 1.0, 1.0, 1.0, 1.0, 1.0, 1.0, 1.0, 1.0, 1.0, 1.0, 1.0, 1.0, 1.0, 1.0, 1.0, 1.0, 1.0, 1.0, 1.0, 1.0, 1.0, 1.0, 1.0, 1.0, 1.0, 1.0, 1.0, 1.0, 1.0, 1.0, 1.0, 1.0, 1.0, 1.0, 1.0, 1.0, 1.0, 1.0, 1.0, 1.0, 1.0, 1.0, 1.0, 1.0, 1.0, 1.0, 1.0, 1.0]"
2026-03-25,reliance digital,Declining,-0.18,"[-0.142, -0.196, -0.25, -0.304, -0.358, -0.412, -0.466]","[-0.142, -0.196, -0.25, -0.304, -0.358, -0.412, -0.466, -0.52, -0.574, -0.628, -0.682, -0.736, -0.79, -0.844, -0.898, -0.952, -1.0, -1.0, -1.0, -1.0, -1.0, -1.0, -1.0, -1.0, -1.0, -1.0, -1.0, -1.0, -1.0, -1.0]","[-0.142, -0.196, -0.25, -0.304, -0.358, -0.412, -0.466, -0.52, -0.574, -0.628, -0.682, -0.736, -0.79, -0.844, -0.898, -0.952, -1.0, -1.0, -1.0, -1.0, -1.0, -1.0, -1.0, -1.0, -1.0, -1.0, -1.0, -1.0, -1.0, -1.0, -1.0, -1.0, -1.0, -1.0, -1.0, -1.0, -1.0, -1.0, -1.0, -1.0, -1.0, -1.0, -1.0, -1.0, -1.0, -1.0, -1.0, -1.0, -1.0, -1.0, -1.0, -1.0, -1.0, -1.0, -1.0, -1.0, -1.0, -1.0, -1.0, -1.0, -1.0, -1.0, -1.0, -1.0, -1.0, -1.0, -1.0, -1.0, -1.0, -1.0, -1.0, -1.0, -1.0, -1.0, -1.0, -1.0, -1.0, -1.0, -1.0, -1.0, -1.0, -1.0, -1.0, -1.0, -1.0, -1.0, -1.0, -1.0, -1.0, -1.0]"
2026-03-25,myntra,Declining,-0.15,"[-0.355, -0.4, -0.445, -0.49, -0.535, -0.58, -0.625]","[-0.355, -0.4, -0.445, -0.49, -0.535, -0.58, -0.625, -0.67, -0.715, -0.76, -0.805, -0.85, -0.895, -0.94, -0.985, -1.0, -1.0, -1.0, -1.0, -1.0, -1.0, -1.0, -1.0, -1.0, -1.0, -1.0, -1.0, -1.0, -1.0, -1.0]","[-0.355, -0.4, -0.445, -0.49, -0.535, -0.58, -0.625, -0.67, -0.715, -0.76, -0.805, -0.85, -0.895, -0.94, -0.985, -1.0, -1.0, -1.0, -1.0, -1.0, -1.0, -1.0, -1.0, -1.0, -1.0, -1.0, -1.0, -1.0, -1.0, -1.0, -1.0, -1.0, -1.0, -1.0, -1.0, -1.0, -1.0, -1.0, -1.0, -1.0, -1.0, -1.0, -1.0, -1.0, -1.0, -1.0, -1.0, -1.0, -1.0, -1.0, -1.0, -1.0, -1.0, -1.0, -1.0, -1.0, -1.0, -1.0, -1.0, -1.0, -1.0, -1.0, -1.0, -1.0, -1.0, -1.0, -1.0, -1.0, -1.0, -1.0, -1.0, -1.0, -1.0, -1.0, -1.0, -1.0, -1.0, -1.0, -1.0, -1.0, -1.0, -1.0, -1.0, -1.0, -1.0, -1.0, -1.0, -1.0, -1.0, -1.0]"
2026-03-25,snapdeal,Declining,-0.5,"[0.26, 0.11, -0.04, -0.19, -0.34, -0.49, -0.64]","[0.26, 0.11, -0.04, -0.19, -0.34, -0.49, -0.64, -0.79, -0.94, -1.0, -1.0, -1.0, -1.0, -1.0, -1.0, -1.0, -1.0, -1.0, -1.0, -1.0, -1.0, -1.0, -1.0, -1.0, -1.0, -1.0, -1.0, -1.0, -1.0, -1.0]","[0.26, 0.11, -0.04, -0.19, -0.34, -0.49, -0.64, -0.79, -0.94, -1.0, -1.0, -1.0, -1.0, -1.0, -1.0, -1.0, -1.0, -1.0, -1.0, -1.0, -1.0, -1.0, -1.0, -1.0, -1.0, -1.0, -1.0, -1.0, -1.0, -1.0, -1.0, -1.0, -1.0, -1.0, -1.0, -1.0, -1.0, -1.0, -1.0, -1.0, -1.0, -1.0, -1.0, -1.0, -1.0, -1.0, -1.0, -1.0, -1.0, -1.0, -1.0, -1.0, -1.0, -1.0, -1.0, -1.0, -1.0, -1.0, -1.0, -1.0, -1.0, -1.0, -1.0, -1.0, -1.0, -1.0, -1.0, -1.0, -1.0, -1.0, -1.0, -1.0, -1.0, -1.0, -1.0, -1.0, -1.0, -1.0, -1.0, -1.0, -1.0, -1.0, -1.0, -1.0, -1.0, -1.0, -1.0, -1.0, -1.0, -1.0]"
2026-03-25,meesho,Improving,0.1667,"[0.04, 0.09, 0.14, 0.19, 0.24, 0.29, 0.34]","[0.04, 0.09, 0.14, 0.19, 0.24, 0.29, 0.34, 0.39, 0.44, 0.49, 0.54, 0.59, 0.64, 0.69, 0.74, 0.79, 0.84, 0.89, 0.94, 0.99, 1.0, 1.0, 1.0, 1.0, 1.0, 1.0, 1.0, 1.0, 1.0, 1.0]","[0.04, 0.09, 0.14, 0.19, 0.24, 0.29, 0.34, 0.39, 0.44, 0.49, 0.54, 0.59, 0.64, 0.69, 0.74, 0.79, 0.84, 0.89, 0.94, 0.99, 1.0, 1.0, 1.0, 1.0, 1.0, 1.0, 1.0, 1.0, 1.0, 1.0, 1.0, 1.0, 1.0, 1.0, 1.0, 1.0, 1.0, 1.0, 1.0, 1.0, 1.0, 1.0, 1.0, 1.0, 1.0, 1.0, 1.0, 1.0, 1.0, 1.0, 1.0, 1.0, 1.0, 1.0, 1.0, 1.0, 1.0, 1.0, 1.0, 1.0, 1.0, 1.0, 1.0, 1.0, 1.0, 1.0, 1.0, 1.0, 1.0, 1.0, 1.0, 1.0, 1.0, 1.0, 1.0, 1.0, 1.0, 1.0, 1.0, 1.0, 1.0, 1.0, 1.0, 1.0, 1.0, 1.0, 1.0, 1.0, 1.0, 1.0]"
2026-03-25,ajio,Declining,-0.5,"[0.16, 0.01, -0.14, -0.29, -0.44, -0.59, -0.74]","[0.16, 0.01, -0.14, -0.29, -0.44, -0.59, -0.74, -0.89, -1.0, -1.0, -1.0, -1.0, -1.0, -1.0, -1.0, -1.0, -1.0, -1.0, -1.0, -1.0, -1.0, -1.0, -1.0, -1.0, -1.0, -1.0, -1.0, -1.0, -1.0, -1.0]","[0.16, 0.01, -0.14, -0.29, -0.44, -0.59, -0.74, -0.89, -1.0, -1.0, -1.0, -1.0, -1.0, -1.0, -1.0, -1.0, -1.0, -1.0, -1.0, -1.0, -1.0, -1.0, -1.0, -1.0, -1.0, -1.0, -1.0, -1.0, -1.0, -1.0, -1.0, -1.0, -1.0, -1.0, -1.0, -1.0, -1.0, -1.0, -1.0, -1.0, -1.0, -1.0, -1.0, -1.0, -1.0, -1.0, -1.0, -1.0, -1.0, -1.0, -1.0, -1.0, -1.0, -1.0, -1.0, -1.0, -1.0, -1.0, -1.0, -1.0, -1.0, -1.0, -1.0, -1.0, -1.0, -1.0, -1.0, -1.0, -1.0, -1.0, -1.0, -1.0, -1.0, -1.0, -1.0, -1.0, -1.0, -1.0, -1.0, -1.0, -1.0, -1.0, -1.0, -1.0, -1.0, -1.0, -1.0, -1.0, -1.0, -1.0]"
2026-03-25,bigbasket,Stable,-0.0,"[-0.09, -0.09, -0.09, -0.09, -0.09, -0.09, -0.09]","[-0.09, -0.09, -0.09, -0.09, -0.09, -0.09, -0.09, -0.09, -0.09, -0.09, -0.09, -0.09, -0.09, -0.09, -0.09, -0.09, -0.09, -0.09, -0.09, -0.09, -0.09, -0.09, -0.09, -0.09, -0.09, -0.09, -0.09, -0.09, -0.09, -0.09]","[-0.09, -0.09, -0.09, -0.09, -0.09, -0.09, -0.09, -0.09, -0.09, -0.09, -0.09, -0.09, -0.09, -0.09, -0.09, -0.09, -0.09, -0.09, -0.09, -0.09, -0.09, -0.09, -0.09, -0.09, -0.09, -0.09, -0.09, -0.09, -0.09, -0.09, -0.09, -0.09, -0.09, -0.09, -0.09, -0.09, -0.09, -0.09, -0.09, -0.09, -0.09, -0.09, -0.09, -0.09, -0.09, -0.09, -0.09, -0.09, -0.09, -0.09, -0.09, -0.09, -0.09, -0.09, -0.09, -0.09, -0.09, -0.09, -0.09, -0.09, -0.09, -0.09, -0.09, -0.09, -0.09, -0.09, -0.09, -0.09, -0.09, -0.09, -0.09, -0.09, -0.09, -0.09, -0.09, -0.09, -0.09, -0.09, -0.09, -0.09, -0.09, -0.09, -0.09, -0.09, -0.09, -0.09, -0.09, -0.09, -0.09, -0.09]"
2026-03-25,nykaa,Stable,0.0,"[0.0, 0.0, 0.0, 0.0, 0.0, 0.0, 0.0]","[0.0, 0.0, 0.0, 0.0, 0.0, 0.0, 0.0, 0.0, 0.0, 0.0, 0.0, 0.0, 0.0, 0.0, 0.0, 0.0, 0.0, 0.0, 0.0, 0.0, 0.0, 0.0, 0.0, 0.0, 0.0, 0.0, 0.0, 0.0, 0.0, 0.0]","[0.0, 0.0, 0.0, 0.0, 0.0, 0.0, 0.0, 0.0, 0.0, 0.0, 0.0, 0.0, 0.0, 0.0, 0.0, 0.0, 0.0, 0.0, 0.0, 0.0, 0.0, 0.0, 0.0, 0.0, 0.0, 0.0, 0.0, 0.0, 0.0, 0.0, 0.0, 0.0, 0.0, 0.0, 0.0, 0.0, 0.0, 0.0, 0.0, 0.0, 0.0, 0.0, 0.0, 0.0, 0.0, 0.0, 0.0, 0.0, 0.0, 0.0, 0.0, 0.0, 0.0, 0.0, 0.0, 0.0, 0.0, 0.0, 0.0, 0.0, 0.0, 0.0, 0.0, 0.0, 0.0, 0.0, 0.0, 0.0, 0.0, 0.0, 0.0, 0.0, 0.0, 0.0, 0.0, 0.0, 0.0, 0.0, 0.0, 0.0, 0.0, 0.0, 0.0, 0.0, 0.0, 0.0, 0.0, 0.0, 0.0, 0.0]"
2026-03-26,flipkart,Improving,0.1667,"[0.4567, 0.5067, 0.5567, 0.6067, 0.6567, 0.7067, 0.7567]","[0.4567, 0.5067, 0.5567, 0.6067, 0.6567, 0.7067, 0.7567, 0.8067, 0.8567, 0.9067, 0.9567, 1.0, 1.0, 1.0, 1.0, 1.0, 1.0, 1.0, 1.0, 1.0, 1.0, 1.0, 1.0, 1.0, 1.0, 1.0, 1.0, 1.0, 1.0, 1.0]","[0.4567, 0.5067, 0.5567, 0.6067, 0.6567, 0.7067, 0.7567, 0.8067, 0.8567, 0.9067, 0.9567, 1.0, 1.0, 1.0, 1.0, 1.0, 1.0, 1.0, 1.0, 1.0, 1.0, 1.0, 1.0, 1.0, 1.0, 1.0, 1.0, 1.0, 1.0, 1.0, 1.0, 1.0, 1.0, 1.0, 1.0, 1.0, 1.0, 1.0, 1.0, 1.0, 1.0, 1.0, 1.0, 1.0, 1.0, 1.0, 1.0, 1.0, 1.0, 1.0, 1.0, 1.0, 1.0, 1.0, 1.0, 1.0, 1.0, 1.0, 1.0, 1.0, 1.0, 1.0, 1.0, 1.0, 1.0, 1.0, 1.0, 1.0, 1.0, 1.0, 1.0, 1.0, 1.0, 1.0, 1.0, 1.0, 1.0, 1.0, 1.0, 1.0, 1.0, 1.0, 1.0, 1.0, 1.0, 1.0, 1.0, 1.0, 1.0, 1.0]"
2026-03-26,amazon india,Declining,-0.5,"[0.075, -0.075, -0.225, -0.375, -0.525, -0.675, -0.825]","[0.075, -0.075, -0.225, -0.375, -0.525, -0.675, -0.825, -0.975, -1.0, -1.0, -1.0, -1.0, -1.0, -1.0, -1.0, -1.0, -1.0, -1.0, -1.0, -1.0, -1.0, -1.0, -1.0, -1.0, -1.0, -1.0, -1.0, -1.0, -1.0, -1.0]","[0.075, -0.075, -0.225, -0.375, -0.525, -0.675, -0.825, -0.975, -1.0, -1.0, -1.0, -1.0, -1.0, -1.0, -1.0, -1.0, -1.0, -1.0, -1.0, -1.0, -1.0, -1.0, -1.0, -1.0, -1.0, -1.0, -1.0, -1.0, -1.0, -1.0, -1.0, -1.0, -1.0, -1.0, -1.0, -1.0, -1.0, -1.0, -1.0, -1.0, -1.0, -1.0, -1.0, -1.0, -1.0, -1.0, -1.0, -1.0, -1.0, -1.0, -1.0, -1.0, -1.0, -1.0, -1.0, -1.0, -1.0, -1.0, -1.0, -1.0, -1.0, -1.0, -1.0, -1.0, -1.0, -1.0, -1.0, -1.0, -1.0, -1.0, -1.0, -1.0, -1.0, -1.0, -1.0, -1.0, -1.0, -1.0, -1.0, -1.0, -1.0, -1.0, -1.0, -1.0, -1.0, -1.0, -1.0, -1.0, -1.0, -1.0]"
2026-03-26,myntra,Declining,-0.15,"[-0.355, -0.4, -0.445, -0.49, -0.535, -0.58, -0.625]","[-0.355, -0.4, -0.445, -0.49, -0.535, -0.58, -0.625, -0.67, -0.715, -0.76, -0.805, -0.85, -0.895, -0.94, -0.985, -1.0, -1.0, -1.0, -1.0, -1.0, -1.0, -1.0, -1.0, -1.0, -1.0, -1.0, -1.0, -1.0, -1.0, -1.0]","[-0.355, -0.4, -0.445, -0.49, -0.535, -0.58, -0.625, -0.67, -0.715, -0.76, -0.805, -0.85, -0.895, -0.94, -0.985, -1.0, -1.0, -1.0, -1.0, -1.0, -1.0, -1.0, -1.0, -1.0, -1.0, -1.0, -1.0, -1.0, -1.0, -1.0, -1.0, -1.0, -1.0, -1.0, -1.0, -1.0, -1.0, -1.0, -1.0, -1.0, -1.0, -1.0, -1.0, -1.0, -1.0, -1.0, -1.0, -1.0, -1.0, -1.0, -1.0, -1.0, -1.0, -1.0, -1.0, -1.0, -1.0, -1.0, -1.0, -1.0, -1.0, -1.0, -1.0, -1.0, -1.0, -1.0, -1.0, -1.0, -1.0, -1.0, -1.0, -1.0, -1.0, -1.0, -1.0, -1.0, -1.0, -1.0, -1.0, -1.0, -1.0, -1.0, -1.0, -1.0, -1.0, -1.0, -1.0, -1.0, -1.0, -1.0]"
2026-03-26,snapdeal,Declining,-0.5,"[0.26, 0.11, -0.04, -0.19, -0.34, -0.49, -0.64]","[0.26, 0.11, -0.04, -0.19, -0.34, -0.49, -0.64, -0.79, -0.94, -1.0, -1.0, -1.0, -1.0, -1.0, -1.0, -1.0, -1.0, -1.0, -1.0, -1.0, -1.0, -1.0, -1.0, -1.0, -1.0, -1.0, -1.0, -1.0, -1.0, -1.0]","[0.26, 0.11, -0.04, -0.19, -0.34, -0.49, -0.64, -0.79, -0.94, -1.0, -1.0, -1.0, -1.0, -1.0, -1.0, -1.0, -1.0, -1.0, -1.0, -1.0, -1.0, -1.0, -1.0, -1.0, -1.0, -1.0, -1.0, -1.0, -1.0, -1.0, -1.0, -1.0, -1.0, -1.0, -1.0, -1.0, -1.0, -1.0, -1.0, -1.0, -1.0, -1.0, -1.0, -1.0, -1.0, -1.0, -1.0, -1.0, -1.0, -1.0, -1.0, -1.0, -1.0, -1.0, -1.0, -1.0, -1.0, -1.0, -1.0, -1.0, -1.0, -1.0, -1.0, -1.0, -1.0, -1.0, -1.0, -1.0, -1.0, -1.0, -1.0, -1.0, -1.0, -1.0, -1.0, -1.0, -1.0, -1.0, -1.0, -1.0, -1.0, -1.0, -1.0, -1.0, -1.0, -1.0, -1.0, -1.0, -1.0, -1.0]"
2026-03-26,meesho,Improving,0.5,"[-0.1, 0.05, 0.2, 0.35, 0.5, 0.65, 0.8]","[-0.1, 0.05, 0.2, 0.35, 0.5, 0.65, 0.8, 0.95, 1.0, 1.0, 1.0, 1.0, 1.0, 1.0, 1.0, 1.0, 1.0, 1.0, 1.0, 1.0, 1.0, 1.0, 1.0, 1.0, 1.0, 1.0, 1.0, 1.0, 1.0, 1.0]","[-0.1, 0.05, 0.2, 0.35, 0.5, 0.65, 0.8, 0.95, 1.0, 1.0, 1.0, 1.0, 1.0, 1.0, 1.0, 1.0, 1.0, 1.0, 1.0, 1.0, 1.0, 1.0, 1.0, 1.0, 1.0, 1.0, 1.0, 1.0, 1.0, 1.0, 1.0, 1.0, 1.0, 1.0, 1.0, 1.0, 1.0, 1.0, 1.0, 1.0, 1.0, 1.0, 1.0, 1.0, 1.0, 1.0, 1.0, 1.0, 1.0, 1.0, 1.0, 1.0, 1.0, 1.0, 1.0, 1.0, 1.0, 1.0, 1.0, 1.0, 1.0, 1.0, 1.0, 1.0, 1.0, 1.0, 1.0, 1.0, 1.0, 1.0, 1.0, 1.0, 1.0, 1.0, 1.0, 1.0, 1.0, 1.0, 1.0, 1.0, 1.0, 1.0, 1.0, 1.0, 1.0, 1.0, 1.0, 1.0, 1.0, 1.0]"
2026-03-26,ajio,Stable,0.0,"[0.0, 0.0, 0.0, 0.0, 0.0, 0.0, 0.0]","[0.0, 0.0, 0.0, 0.0, 0.0, 0.0, 0.0, 0.0, 0.0, 0.0, 0.0, 0.0, 0.0, 0.0, 0.0, 0.0, 0.0, 0.0, 0.0, 0.0, 0.0, 0.0, 0.0, 0.0, 0.0, 0.0, 0.0, 0.0, 0.0, 0.0]","[0.0, 0.0, 0.0, 0.0, 0.0, 0.0, 0.0, 0.0, 0.0, 0.0, 0.0, 0.0, 0.0, 0.0, 0.0, 0.0, 0.0, 0.0, 0.0, 0.0, 0.0, 0.0, 0.0, 0.0, 0.0, 0.0, 0.0, 0.0, 0.0, 0.0, 0.0, 0.0, 0.0, 0.0, 0.0, 0.0, 0.0, 0.0, 0.0, 0.0, 0.0, 0.0, 0.0, 0.0, 0.0, 0.0, 0.0, 0.0, 0.0, 0.0, 0.0, 0.0, 0.0, 0.0, 0.0, 0.0, 0.0, 0.0, 0.0, 0.0, 0.0, 0.0, 0.0, 0.0, 0.0, 0.0, 0.0, 0.0, 0.0, 0.0, 0.0, 0.0, 0.0, 0.0, 0.0, 0.0, 0.0, 0.0, 0.0, 0.0, 0.0, 0.0, 0.0, 0.0, 0.0, 0.0, 0.0, 0.0, 0.0, 0.0]"
2026-03-26,bigbasket,Declining,-0.25,"[-0.81, -0.885, -0.96, -1.0, -1.0, -1.0, -1.0]","[-0.81, -0.885, -0.96, -1.0, -1.0, -1.0, -1.0, -1.0, -1.0, -1.0, -1.0, -1.0, -1.0, -1.0, -1.0, -1.0, -1.0, -1.0, -1.0, -1.0, -1.0, -1.0, -1.0, -1.0, -1.0, -1.0, -1.0, -1.0, -1.0, -1.0]","[-0.81, -0.885, -0.96, -1.0, -1.0, -1.0, -1.0, -1.0, -1.0, -1.0, -1.0, -1.0, -1.0, -1.0, -1.0, -1.0, -1.0, -1.0, -1.0, -1.0, -1.0, -1.0, -1.0, -1.0, -1.0, -1.0, -1.0, -1.0, -1.0, -1.0, -1.0, -1.0, -1.0, -1.0, -1.0, -1.0, -1.0, -1.0, -1.0, -1.0, -1.0, -1.0, -1.0, -1.0, -1.0, -1.0, -1.0, -1.0, -1.0, -1.0, -1.0, -1.0, -1.0, -1.0, -1.0, -1.0, -1.0, -1.0, -1.0, -1.0, -1.0, -1.0, -1.0, -1.0, -1.0, -1.0, -1.0, -1.0, -1.0, -1.0, -1.0, -1.0, -1.0, -1.0, -1.0, -1.0, -1.0, -1.0, -1.0, -1.0, -1.0, -1.0, -1.0, -1.0, -1.0, -1.0, -1.0, -1.0, -1.0, -1.0]"
2026-03-26,nykaa,Stable,0.0,"[0.0, 0.0, 0.0, 0.0, 0.0, 0.0, 0.0]","[0.0, 0.0, 0.0, 0.0, 0.0, 0.0, 0.0, 0.0, 0.0, 0.0, 0.0, 0.0, 0.0, 0.0, 0.0, 0.0, 0.0, 0.0, 0.0, 0.0, 0.0, 0.0, 0.0, 0.0, 0.0, 0.0, 0.0, 0.0, 0.0, 0.0]","[0.0, 0.0, 0.0, 0.0, 0.0, 0.0, 0.0, 0.0, 0.0, 0.0, 0.0, 0.0, 0.0, 0.0, 0.0, 0.0, 0.0, 0.0, 0.0, 0.0, 0.0, 0.0, 0.0, 0.0, 0.0, 0.0, 0.0, 0.0, 0.0, 0.0, 0.0, 0.0, 0.0, 0.0, 0.0, 0.0, 0.0, 0.0, 0.0, 0.0, 0.0, 0.0, 0.0, 0.0, 0.0, 0.0, 0.0, 0.0, 0.0, 0.0, 0.0, 0.0, 0.0, 0.0, 0.0, 0.0, 0.0, 0.0, 0.0, 0.0, 0.0, 0.0, 0.0, 0.0, 0.0, 0.0, 0.0, 0.0, 0.0, 0.0, 0.0, 0.0, 0.0, 0.0, 0.0, 0.0, 0.0, 0.0, 0.0, 0.0, 0.0, 0.0, 0.0, 0.0, 0.0, 0.0, 0.0, 0.0, 0.0, 0.0]"
2026-03-27,myntra,Declining,-0.15,"[-0.355, -0.4, -0.445, -0.49, -0.535, -0.58, -0.625]","[-0.355, -0.4, -0.445, -0.49, -0.535, -0.58, -0.625, -0.67, -0.715, -0.76, -0.805, -0.85, -0.895, -0.94, -0.985, -1.0, -1.0, -1.0, -1.0, -1.0, -1.0, -1.0, -1.0, -1.0, -1.0, -1.0, -1.0, -1.0, -1.0, -1.0]","[-0.355, -0.4, -0.445, -0.49, -0.535, -0.58, -0.625, -0.67, -0.715, -0.76, -0.805, -0.85, -0.895, -0.94, -0.985, -1.0, -1.0, -1.0, -1.0, -1.0, -1.0, -1.0, -1.0, -1.0, -1.0, -1.0, -1.0, -1.0, -1.0, -1.0, -1.0, -1.0, -1.0, -1.0, -1.0, -1.0, -1.0, -1.0, -1.0, -1.0, -1.0, -1.0, -1.0, -1.0, -1.0, -1.0, -1.0, -1.0, -1.0, -1.0, -1.0, -1.0, -1.0, -1.0, -1.0, -1.0, -1.0, -1.0, -1.0, -1.0, -1.0, -1.0, -1.0, -1.0, -1.0, -1.0, -1.0, -1.0, -1.0, -1.0, -1.0, -1.0, -1.0, -1.0, -1.0, -1.0, -1.0, -1.0, -1.0, -1.0, -1.0, -1.0, -1.0, -1.0, -1.0, -1.0, -1.0, -1.0, -1.0, -1.0]"
2026-03-27,snapdeal,Declining,-0.5,"[0.26, 0.11, -0.04, -0.19, -0.34, -0.49, -0.64]","[0.26, 0.11, -0.04, -0.19, -0.34, -0.49, -0.64, -0.79, -0.94, -1.0, -1.0, -1.0, -1.0, -1.0, -1.0, -1.0, -1.0, -1.0, -1.0, -1.0, -1.0, -1.0, -1.0, -1.0, -1.0, -1.0, -1.0, -1.0, -1.0, -1.0]","[0.26, 0.11, -0.04, -0.19, -0.34, -0.49, -0.64, -0.79, -0.94, -1.0, -1.0, -1.0, -1.0, -1.0, -1.0, -1.0, -1.0, -1.0, -1.0, -1.0, -1.0, -1.0, -1.0, -1.0, -1.0, -1.0, -1.0, -1.0, -1.0, -1.0, -1.0, -1.0, -1.0, -1.0, -1.0, -1.0, -1.0, -1.0, -1.0, -1.0, -1.0, -1.0, -1.0, -1.0, -1.0, -1.0, -1.0, -1.0, -1.0, -1.0, -1.0, -1.0, -1.0, -1.0, -1.0, -1.0, -1.0, -1.0, -1.0, -1.0, -1.0, -1.0, -1.0, -1.0, -1.0, -1.0, -1.0, -1.0, -1.0, -1.0, -1.0, -1.0, -1.0, -1.0, -1.0, -1.0, -1.0, -1.0, -1.0, -1.0, -1.0, -1.0, -1.0, -1.0, -1.0, -1.0, -1.0, -1.0, -1.0, -1.0]"
2026-03-27,meesho,Improving,0.25,"[0.33, 0.405, 0.48, 0.555, 0.63, 0.705, 0.78]","[0.33, 0.405, 0.48, 0.555, 0.63, 0.705, 0.78, 0.855, 0.93, 1.0, 1.0, 1.0, 1.0, 1.0, 1.0, 1.0, 1.0, 1.0, 1.0, 1.0, 1.0, 1.0, 1.0, 1.0, 1.0, 1.0, 1.0, 1.0, 1.0, 1.0]","[0.33, 0.405, 0.48, 0.555, 0.63, 0.705, 0.78, 0.855, 0.93, 1.0, 1.0, 1.0, 1.0, 1.0, 1.0, 1.0, 1.0, 1.0, 1.0, 1.0, 1.0, 1.0, 1.0, 1.0, 1.0, 1.0, 1.0, 1.0, 1.0, 1.0, 1.0, 1.0, 1.0, 1.0, 1.0, 1.0, 1.0, 1.0, 1.0, 1.0, 1.0, 1.0, 1.0, 1.0, 1.0, 1.0, 1.0, 1.0, 1.0, 1.0, 1.0, 1.0, 1.0, 1.0, 1.0, 1.0, 1.0, 1.0, 1.0, 1.0, 1.0, 1.0, 1.0, 1.0, 1.0, 1.0, 1.0, 1.0, 1.0, 1.0, 1.0, 1.0, 1.0, 1.0, 1.0, 1.0, 1.0, 1.0, 1.0, 1.0, 1.0, 1.0, 1.0, 1.0, 1.0, 1.0, 1.0, 1.0, 1.0, 1.0]"
2026-03-27,ajio,Stable,0.0,"[0.0, 0.0, 0.0, 0.0, 0.0, 0.0, 0.0]","[0.0, 0.0, 0.0, 0.0, 0.0, 0.0, 0.0, 0.0, 0.0, 0.0, 0.0, 0.0, 0.0, 0.0, 0.0, 0.0, 0.0, 0.0, 0.0, 0.0, 0.0, 0.0, 0.0, 0.0, 0.0, 0.0, 0.0, 0.0, 0.0, 0.0]","[0.0, 0.0, 0.0, 0.0, 0.0, 0.0, 0.0, 0.0, 0.0, 0.0, 0.0, 0.0, 0.0, 0.0, 0.0, 0.0, 0.0, 0.0, 0.0, 0.0, 0.0, 0.0, 0.0, 0.0, 0.0, 0.0, 0.0, 0.0, 0.0, 0.0, 0.0, 0.0, 0.0, 0.0, 0.0, 0.0, 0.0, 0.0, 0.0, 0.0, 0.0, 0.0, 0.0, 0.0, 0.0, 0.0, 0.0, 0.0, 0.0, 0.0, 0.0, 0.0, 0.0, 0.0, 0.0, 0.0, 0.0, 0.0, 0.0, 0.0, 0.0, 0.0, 0.0, 0.0, 0.0, 0.0, 0.0, 0.0, 0.0, 0.0, 0.0, 0.0, 0.0, 0.0, 0.0, 0.0, 0.0, 0.0, 0.0, 0.0, 0.0, 0.0, 0.0, 0.0, 0.0, 0.0, 0.0, 0.0, 0.0, 0.0]"
2026-03-27,bigbasket,Improving,0.05,"[-0.12, -0.105, -0.09, -0.075, -0.06, -0.045, -0.03]","[-0.12, -0.105, -0.09, -0.075, -0.06, -0.045, -0.03, -0.015, 0.0, 0.015, 0.03, 0.045, 0.06, 0.075, 0.09, 0.105, 0.12, 0.135, 0.15, 0.165, 0.18, 0.195, 0.21, 0.225, 0.24, 0.255, 0.27, 0.285, 0.3, 0.315]","[-0.12, -0.105, -0.09, -0.075, -0.06, -0.045, -0.03, -0.015, 0.0, 0.015, 0.03, 0.045, 0.06, 0.075, 0.09, 0.105, 0.12, 0.135, 0.15, 0.165, 0.18, 0.195, 0.21, 0.225, 0.24, 0.255, 0.27, 0.285, 0.3, 0.315, 0.33, 0.345, 0.36, 0.375, 0.39, 0.405, 0.42, 0.435, 0.45, 0.465, 0.48, 0.495, 0.51, 0.525, 0.54, 0.555, 0.57, 0.585, 0.6, 0.615, 0.63, 0.645, 0.66, 0.675, 0.69, 0.705, 0.72, 0.735, 0.75, 0.765, 0.78, 0.795, 0.81, 0.825, 0.84, 0.855, 0.87, 0.885, 0.9, 0.915, 0.93, 0.945, 0.96, 0.975, 0.99, 1.0, 1.0, 1.0, 1.0, 1.0, 1.0, 1.0, 1.0, 1.0, 1.0, 1.0, 1.0, 1.0, 1.0, 1.0]"
2026-03-27,nykaa,Stable,0.0,"[0.0, 0.0, 0.0, 0.0, 0.0, 0.0, 0.0]","[0.0, 0.0, 0.0, 0.0, 0.0, 0.0, 0.0, 0.0, 0.0, 0.0, 0.0, 0.0, 0.0, 0.0, 0.0, 0.0, 0.0, 0.0, 0.0, 0.0, 0.0, 0.0, 0.0, 0.0, 0.0, 0.0, 0.0, 0.0, 0.0, 0.0]","[0.0, 0.0, 0.0, 0.0, 0.0, 0.0, 0.0, 0.0, 0.0, 0.0, 0.0, 0.0, 0.0, 0.0, 0.0, 0.0, 0.0, 0.0, 0.0, 0.0, 0.0, 0.0, 0.0, 0.0, 0.0, 0.0, 0.0, 0.0, 0.0, 0.0, 0.0, 0.0, 0.0, 0.0, 0.0, 0.0, 0.0, 0.0, 0.0, 0.0, 0.0, 0.0, 0.0, 0.0, 0.0, 0.0, 0.0, 0.0, 0.0, 0.0, 0.0, 0.0, 0.0, 0.0, 0.0, 0.0, 0.0, 0.0, 0.0, 0.0, 0.0, 0.0, 0.0, 0.0, 0.0, 0.0, 0.0, 0.0, 0.0, 0.0, 0.0, 0.0, 0.0, 0.0, 0.0, 0.0, 0.0, 0.0, 0.0, 0.0, 0.0, 0.0, 0.0, 0.0, 0.0, 0.0, 0.0, 0.0, 0.0, 0.0]"
2026-03-28,flipkart,Improving,0.5,"[0.37, 0.52, 0.67, 0.82, 0.97, 1.0, 1.0]","[0.37, 0.52, 0.67, 0.82, 0.97, 1.0, 1.0, 1.0, 1.0, 1.0, 1.0, 1.0, 1.0, 1.0, 1.0, 1.0, 1.0, 1.0, 1.0, 1.0, 1.0, 1.0, 1.0, 1.0, 1.0, 1.0, 1.0, 1.0, 1.0, 1.0]","[0.37, 0.52, 0.67, 0.82, 0.97, 1.0, 1.0, 1.0, 1.0, 1.0, 1.0, 1.0, 1.0, 1.0, 1.0, 1.0, 1.0, 1.0, 1.0, 1.0, 1.0, 1.0, 1.0, 1.0, 1.0, 1.0, 1.0, 1.0, 1.0, 1.0, 1.0, 1.0, 1.0, 1.0, 1.0, 1.0, 1.0, 1.0, 1.0, 1.0, 1.0, 1.0, 1.0, 1.0, 1.0, 1.0, 1.0, 1.0, 1.0, 1.0, 1.0, 1.0, 1.0, 1.0, 1.0, 1.0, 1.0, 1.0, 1.0, 1.0, 1.0, 1.0, 1.0, 1.0, 1.0, 1.0, 1.0, 1.0, 1.0, 1.0, 1.0, 1.0, 1.0, 1.0, 1.0, 1.0, 1.0, 1.0, 1.0, 1.0, 1.0, 1.0, 1.0, 1.0, 1.0, 1.0, 1.0, 1.0, 1.0, 1.0]"
2026-03-28,amazon india,Improving,0.5,"[-0.26, -0.11, 0.04, 0.19, 0.34, 0.49, 0.64]","[-0.26, -0.11, 0.04, 0.19, 0.34, 0.49, 0.64, 0.79, 0.94, 1.0, 1.0, 1.0, 1.0, 1.0, 1.0, 1.0, 1.0, 1.0, 1.0, 1.0, 1.0, 1.0, 1.0, 1.0, 1.0, 1.0, 1.0, 1.0, 1.0, 1.0]","[-0.26, -0.11, 0.04, 0.19, 0.34, 0.49, 0.64, 0.79, 0.94, 1.0, 1.0, 1.0, 1.0, 1.0, 1.0, 1.0, 1.0, 1.0, 1.0, 1.0, 1.0, 1.0, 1.0, 1.0, 1.0, 1.0, 1.0, 1.0, 1.0, 1.0, 1.0, 1.0, 1.0, 1.0, 1.0, 1.0, 1.0, 1.0, 1.0, 1.0, 1.0, 1.0, 1.0, 1.0, 1.0, 1.0, 1.0, 1.0, 1.0, 1.0, 1.0, 1.0, 1.0, 1.0, 1.0, 1.0, 1.0, 1.0, 1.0, 1.0, 1.0, 1.0, 1.0, 1.0, 1.0, 1.0, 1.0, 1.0, 1.0, 1.0, 1.0, 1.0, 1.0, 1.0, 1.0, 1.0, 1.0, 1.0, 1.0, 1.0, 1.0, 1.0, 1.0, 1.0, 1.0, 1.0, 1.0, 1.0, 1.0, 1.0]"
2026-03-28,myntra,Declining,-0.15,"[-0.355, -0.4, -0.445, -0.49, -0.535, -0.58, -0.625]","[-0.355, -0.4, -0.445, -0.49, -0.535, -0.58, -0.625, -0.67, -0.715, -0.76, -0.805, -0.85, -0.895, -0.94, -0.985, -1.0, -1.0, -1.0, -1.0, -1.0, -1.0, -1.0, -1.0, -1.0, -1.0, -1.0, -1.0, -1.0, -1.0, -1.0]","[-0.355, -0.4, -0.445, -0.49, -0.535, -0.58, -0.625, -0.67, -0.715, -0.76, -0.805, -0.85, -0.895, -0.94, -0.985, -1.0, -1.0, -1.0, -1.0, -1.0, -1.0, -1.0, -1.0, -1.0, -1.0, -1.0, -1.0, -1.0, -1.0, -1.0, -1.0, -1.0, -1.0, -1.0, -1.0, -1.0, -1.0, -1.0, -1.0, -1.0, -1.0, -1.0, -1.0, -1.0, -1.0, -1.0, -1.0, -1.0, -1.0, -1.0, -1.0, -1.0, -1.0, -1.0, -1.0, -1.0, -1.0, -1.0, -1.0, -1.0, -1.0, -1.0, -1.0, -1.0, -1.0, -1.0, -1.0, -1.0, -1.0, -1.0, -1.0, -1.0, -1.0, -1.0, -1.0, -1.0, -1.0, -1.0, -1.0, -1.0, -1.0, -1.0, -1.0, -1.0, -1.0, -1.0, -1.0, -1.0, -1.0, -1.0]"
2026-03-28,snapdeal,Declining,-0.5,"[0.26, 0.11, -0.04, -0.19, -0.34, -0.49, -0.64]","[0.26, 0.11, -0.04, -0.19, -0.34, -0.49, -0.64, -0.79, -0.94, -1.0, -1.0, -1.0, -1.0, -1.0, -1.0, -1.0, -1.0, -1.0, -1.0, -1.0, -1.0, -1.0, -1.0, -1.0, -1.0, -1.0, -1.0, -1.0, -1.0, -1.0]","[0.26, 0.11, -0.04, -0.19, -0.34, -0.49, -0.64, -0.79, -0.94, -1.0, -1.0, -1.0, -1.0, -1.0, -1.0, -1.0, -1.0, -1.0, -1.0, -1.0, -1.0, -1.0, -1.0, -1.0, -1.0, -1.0, -1.0, -1.0, -1.0, -1.0, -1.0, -1.0, -1.0, -1.0, -1.0, -1.0, -1.0, -1.0, -1.0, -1.0, -1.0, -1.0, -1.0, -1.0, -1.0, -1.0, -1.0, -1.0, -1.0, -1.0, -1.0, -1.0, -1.0, -1.0, -1.0, -1.0, -1.0, -1.0, -1.0, -1.0, -1.0, -1.0, -1.0, -1.0, -1.0, -1.0, -1.0, -1.0, -1.0, -1.0, -1.0, -1.0, -1.0, -1.0, -1.0, -1.0, -1.0, -1.0, -1.0, -1.0, -1.0, -1.0, -1.0, -1.0, -1.0, -1.0, -1.0, -1.0, -1.0, -1.0]"
2026-03-28,meesho,Improving,0.5,"[0.4933, 0.6433, 0.7933, 0.9433, 1.0, 1.0, 1.0]","[0.4933, 0.6433, 0.7933, 0.9433, 1.0, 1.0, 1.0, 1.0, 1.0, 1.0, 1.0, 1.0, 1.0, 1.0, 1.0, 1.0, 1.0, 1.0, 1.0, 1.0, 1.0, 1.0, 1.0, 1.0, 1.0, 1.0, 1.0, 1.0, 1.0, 1.0]","[0.4933, 0.6433, 0.7933, 0.9433, 1.0, 1.0, 1.0, 1.0, 1.0, 1.0, 1.0, 1.0, 1.0, 1.0, 1.0, 1.0, 1.0, 1.0, 1.0, 1.0, 1.0, 1.0, 1.0, 1.0, 1.0, 1.0, 1.0, 1.0, 1.0, 1.0, 1.0, 1.0, 1.0, 1.0, 1.0, 1.0, 1.0, 1.0, 1.0, 1.0, 1.0, 1.0, 1.0, 1.0, 1.0, 1.0, 1.0, 1.0, 1.0, 1.0, 1.0, 1.0, 1.0, 1.0, 1.0, 1.0, 1.0, 1.0, 1.0, 1.0, 1.0, 1.0, 1.0, 1.0, 1.0, 1.0, 1.0, 1.0, 1.0, 1.0, 1.0, 1.0, 1.0, 1.0, 1.0, 1.0, 1.0, 1.0, 1.0, 1.0, 1.0, 1.0, 1.0, 1.0, 1.0, 1.0, 1.0, 1.0, 1.0, 1.0]"
2026-03-28,ajio,Stable,0.0,"[0.0, 0.0, 0.0, 0.0, 0.0, 0.0, 0.0]","[0.0, 0.0, 0.0, 0.0, 0.0, 0.0, 0.0, 0.0, 0.0, 0.0, 0.0, 0.0, 0.0, 0.0, 0.0, 0.0, 0.0, 0.0, 0.0, 0.0, 0.0, 0.0, 0.0, 0.0, 0.0, 0.0, 0.0, 0.0, 0.0, 0.0]","[0.0, 0.0, 0.0, 0.0, 0.0, 0.0, 0.0, 0.0, 0.0, 0.0, 0.0, 0.0, 0.0, 0.0, 0.0, 0.0, 0.0, 0.0, 0.0, 0.0, 0.0, 0.0, 0.0, 0.0, 0.0, 0.0, 0.0, 0.0, 0.0, 0.0, 0.0, 0.0, 0.0, 0.0, 0.0, 0.0, 0.0, 0.0, 0.0, 0.0, 0.0, 0.0, 0.0, 0.0, 0.0, 0.0, 0.0, 0.0, 0.0, 0.0, 0.0, 0.0, 0.0, 0.0, 0.0, 0.0, 0.0, 0.0, 0.0, 0.0, 0.0, 0.0, 0.0, 0.0, 0.0, 0.0, 0.0, 0.0, 0.0, 0.0, 0.0, 0.0, 0.0, 0.0, 0.0, 0.0, 0.0, 0.0, 0.0, 0.0, 0.0, 0.0, 0.0, 0.0, 0.0, 0.0, 0.0, 0.0, 0.0, 0.0]"
2026-03-28,bigbasket,Declining,-0.2,"[-0.91, -0.97, -1.0, -1.0, -1.0, -1.0, -1.0]","[-0.91, -0.97, -1.0, -1.0, -1.0, -1.0, -1.0, -1.0, -1.0, -1.0, -1.0, -1.0, -1.0, -1.0, -1.0, -1.0, -1.0, -1.0, -1.0, -1.0, -1.0, -1.0, -1.0, -1.0, -1.0, -1.0, -1.0, -1.0, -1.0, -1.0]","[-0.91, -0.97, -1.0, -1.0, -1.0, -1.0, -1.0, -1.0, -1.0, -1.0, -1.0, -1.0, -1.0, -1.0, -1.0, -1.0, -1.0, -1.0, -1.0, -1.0, -1.0, -1.0, -1.0, -1.0, -1.0, -1.0, -1.0, -1.0, -1.0, -1.0, -1.0, -1.0, -1.0, -1.0, -1.0, -1.0, -1.0, -1.0, -1.0, -1.0, -1.0, -1.0, -1.0, -1.0, -1.0, -1.0, -1.0, -1.0, -1.0, -1.0, -1.0, -1.0, -1.0, -1.0, -1.0, -1.0, -1.0, -1.0, -1.0, -1.0, -1.0, -1.0, -1.0, -1.0, -1.0, -1.0, -1.0, -1.0, -1.0, -1.0, -1.0, -1.0, -1.0, -1.0, -1.0, -1.0, -1.0, -1.0, -1.0, -1.0, -1.0, -1.0, -1.0, -1.0, -1.0, -1.0, -1.0, -1.0, -1.0, -1.0]"
2026-03-28,nykaa,Stable,0.0,"[0.0, 0.0, 0.0, 0.0, 0.0, 0.0, 0.0]","[0.0, 0.0, 0.0, 0.0, 0.0, 0.0, 0.0, 0.0, 0.0, 0.0, 0.0, 0.0, 0.0, 0.0, 0.0, 0.0, 0.0, 0.0, 0.0, 0.0, 0.0, 0.0, 0.0, 0.0, 0.0, 0.0, 0.0, 0.0, 0.0, 0.0]","[0.0, 0.0, 0.0, 0.0, 0.0, 0.0, 0.0, 0.0, 0.0, 0.0, 0.0, 0.0, 0.0, 0.0, 0.0, 0.0, 0.0, 0.0, 0.0, 0.0, 0.0, 0.0, 0.0, 0.0, 0.0, 0.0, 0.0, 0.0, 0.0, 0.0, 0.0, 0.0, 0.0, 0.0, 0.0, 0.0, 0.0, 0.0, 0.0, 0.0, 0.0, 0.0, 0.0, 0.0, 0.0, 0.0, 0.0, 0.0, 0.0, 0.0, 0.0, 0.0, 0.0, 0.0, 0.0, 0.0, 0.0, 0.0, 0.0, 0.0, 0.0, 0.0, 0.0, 0.0, 0.0, 0.0, 0.0, 0.0, 0.0, 0.0, 0.0, 0.0, 0.0, 0.0, 0.0, 0.0, 0.0, 0.0, 0.0, 0.0, 0.0, 0.0, 0.0, 0.0, 0.0, 0.0, 0.0, 0.0, 0.0, 0.0]"
2026-03-29,flipkart,Declining,-0.5,"[0.13, -0.02, -0.17, -0.32, -0.47, -0.62, -0.77]","[0.13, -0.02, -0.17, -0.32, -0.47, -0.62, -0.77, -0.92, -1.0, -1.0, -1.0, -1.0, -1.0, -1.0, -1.0, -1.0, -1.0, -1.0, -1.0, -1.0, -1.0, -1.0, -1.0, -1.0, -1.0, -1.0, -1.0, -1.0, -1.0, -1.0]","[0.13, -0.02, -0.17, -0.32, -0.47, -0.62, -0.77, -0.92, -1.0, -1.0, -1.0, -1.0, -1.0, -1.0, -1.0, -1.0, -1.0, -1.0, -1.0, -1.0, -1.0, -1.0, -1.0, -1.0, -1.0, -1.0, -1.0, -1.0, -1.0, -1.0, -1.0, -1.0, -1.0, -1.0, -1.0, -1.0, -1.0, -1.0, -1.0, -1.0, -1.0, -1.0, -1.0, -1.0, -1.0, -1.0, -1.0, -1.0, -1.0, -1.0, -1.0, -1.0, -1.0, -1.0, -1.0, -1.0, -1.0, -1.0, -1.0, -1.0, -1.0, -1.0, -1.0, -1.0, -1.0, -1.0, -1.0, -1.0, -1.0, -1.0, -1.0, -1.0, -1.0, -1.0, -1.0, -1.0, -1.0, -1.0, -1.0, -1.0, -1.0, -1.0, -1.0, -1.0, -1.0, -1.0, -1.0, -1.0, -1.0, -1.0]"
2026-03-29,myntra,Declining,-0.15,"[-0.355, -0.4, -0.445, -0.49, -0.535, -0.58, -0.625]","[-0.355, -0.4, -0.445, -0.49, -0.535, -0.58, -0.625, -0.67, -0.715, -0.76, -0.805, -0.85, -0.895, -0.94, -0.985, -1.0, -1.0, -1.0, -1.0, -1.0, -1.0, -1.0, -1.0, -1.0, -1.0, -1.0, -1.0, -1.0, -1.0, -1.0]","[-0.355, -0.4, -0.445, -0.49, -0.535, -0.58, -0.625, -0.67, -0.715, -0.76, -0.805, -0.85, -0.895, -0.94, -0.985, -1.0, -1.0, -1.0, -1.0, -1.0, -1.0, -1.0, -1.0, -1.0, -1.0, -1.0, -1.0, -1.0, -1.0, -1.0, -1.0, -1.0, -1.0, -1.0, -1.0, -1.0, -1.0, -1.0, -1.0, -1.0, -1.0, -1.0, -1.0, -1.0, -1.0, -1.0, -1.0, -1.0, -1.0, -1.0, -1.0, -1.0, -1.0, -1.0, -1.0, -1.0, -1.0, -1.0, -1.0, -1.0, -1.0, -1.0, -1.0, -1.0, -1.0, -1.0, -1.0, -1.0, -1.0, -1.0, -1.0, -1.0, -1.0, -1.0, -1.0, -1.0, -1.0, -1.0, -1.0, -1.0, -1.0, -1.0, -1.0, -1.0, -1.0, -1.0, -1.0, -1.0, -1.0, -1.0]"
2026-03-29,snapdeal,Declining,-0.5,"[0.16, 0.01, -0.14, -0.29, -0.44, -0.59, -0.74]","[0.16, 0.01, -0.14, -0.29, -0.44, -0.59, -0.74, -0.89, -1.0, -1.0, -1.0, -1.0, -1.0, -1.0, -1.0, -1.0, -1.0, -1.0, -1.0, -1.0, -1.0, -1.0, -1.0, -1.0, -1.0, -1.0, -1.0, -1.0, -1.0, -1.0]","[0.16, 0.01, -0.14, -0.29, -0.44, -0.59, -0.74, -0.89, -1.0, -1.0, -1.0, -1.0, -1.0, -1.0, -1.0, -1.0, -1.0, -1.0, -1.0, -1.0, -1.0, -1.0, -1.0, -1.0, -1.0, -1.0, -1.0, -1.0, -1.0, -1.0, -1.0, -1.0, -1.0, -1.0, -1.0, -1.0, -1.0, -1.0, -1.0, -1.0, -1.0, -1.0, -1.0, -1.0, -1.0, -1.0, -1.0, -1.0, -1.0, -1.0, -1.0, -1.0, -1.0, -1.0, -1.0, -1.0, -1.0, -1.0, -1.0, -1.0, -1.0, -1.0, -1.0, -1.0, -1.0, -1.0, -1.0, -1.0, -1.0, -1.0, -1.0, -1.0, -1.0, -1.0, -1.0, -1.0, -1.0, -1.0, -1.0, -1.0, -1.0, -1.0, -1.0, -1.0, -1.0, -1.0, -1.0, -1.0, -1.0, -1.0]"
2026-03-29,meesho,Stable,-0.0,"[0.12, 0.12, 0.12, 0.12, 0.12, 0.12, 0.12]","[0.12, 0.12, 0.12, 0.12, 0.12, 0.12, 0.12, 0.12, 0.12, 0.12, 0.12, 0.12, 0.12, 0.12, 0.12, 0.12, 0.12, 0.12, 0.12, 0.12, 0.12, 0.12, 0.12, 0.12, 0.12, 0.12, 0.12, 0.12, 0.12, 0.12]","[0.12, 0.12, 0.12, 0.12, 0.12, 0.12, 0.12, 0.12, 0.12, 0.12, 0.12, 0.12, 0.12, 0.12, 0.12, 0.12, 0.12, 0.12, 0.12, 0.12, 0.12, 0.12, 0.12, 0.12, 0.12, 0.12, 0.12, 0.12, 0.12, 0.12, 0.12, 0.12, 0.12, 0.12, 0.12, 0.12, 0.12, 0.12, 0.12, 0.12, 0.12, 0.12, 0.12, 0.12, 0.12, 0.12, 0.12, 0.12, 0.12, 0.12, 0.12, 0.12, 0.12, 0.12, 0.12, 0.12, 0.12, 0.12, 0.12, 0.12, 0.12, 0.12, 0.12, 0.12, 0.12, 0.12, 0.12, 0.12, 0.12, 0.12, 0.12, 0.12, 0.12, 0.12, 0.12, 0.12, 0.12, 0.12, 0.12, 0.12, 0.12, 0.12, 0.12, 0.12, 0.12, 0.12, 0.12, 0.12, 0.12, 0.12]"
2026-03-29,ajio,Stable,0.0,"[0.0, 0.0, 0.0, 0.0, 0.0, 0.0, 0.0]","[0.0, 0.0, 0.0, 0.0, 0.0, 0.0, 0.0, 0.0, 0.0, 0.0, 0.0, 0.0, 0.0, 0.0, 0.0, 0.0, 0.0, 0.0, 0.0, 0.0, 0.0, 0.0, 0.0, 0.0, 0.0, 0.0, 0.0, 0.0, 0.0, 0.0]","[0.0, 0.0, 0.0, 0.0, 0.0, 0.0, 0.0, 0.0, 0.0, 0.0, 0.0, 0.0, 0.0, 0.0, 0.0, 0.0, 0.0, 0.0, 0.0, 0.0, 0.0, 0.0, 0.0, 0.0, 0.0, 0.0, 0.0, 0.0, 0.0, 0.0, 0.0, 0.0, 0.0, 0.0, 0.0, 0.0, 0.0, 0.0, 0.0, 0.0, 0.0, 0.0, 0.0, 0.0, 0.0, 0.0, 0.0, 0.0, 0.0, 0.0, 0.0, 0.0, 0.0, 0.0, 0.0, 0.0, 0.0, 0.0, 0.0, 0.0, 0.0, 0.0, 0.0, 0.0, 0.0, 0.0, 0.0, 0.0, 0.0, 0.0, 0.0, 0.0, 0.0, 0.0, 0.0, 0.0, 0.0, 0.0, 0.0, 0.0, 0.0, 0.0, 0.0, 0.0, 0.0, 0.0, 0.0, 0.0, 0.0, 0.0]"
2026-03-29,bigbasket,Declining,-0.2,"[-0.91, -0.97, -1.0, -1.0, -1.0, -1.0, -1.0]","[-0.91, -0.97, -1.0, -1.0, -1.0, -1.0, -1.0, -1.0, -1.0, -1.0, -1.0, -1.0, -1.0, -1.0, -1.0, -1.0, -1.0, -1.0, -1.0, -1.0, -1.0, -1.0, -1.0, -1.0, -1.0, -1.0, -1.0, -1.0, -1.0, -1.0]","[-0.91, -0.97, -1.0, -1.0, -1.0, -1.0, -1.0, -1.0, -1.0, -1.0, -1.0, -1.0, -1.0, -1.0, -1.0, -1.0, -1.0, -1.0, -1.0, -1.0, -1.0, -1.0, -1.0, -1.0, -1.0, -1.0, -1.0, -1.0, -1.0, -1.0, -1.0, -1.0, -1.0, -1.0, -1.0, -1.0, -1.0, -1.0, -1.0, -1.0, -1.0, -1.0, -1.0, -1.0, -1.0, -1.0, -1.0, -1.0, -1.0, -1.0, -1.0, -1.0, -1.0, -1.0, -1.0, -1.0, -1.0, -1.0, -1.0, -1.0, -1.0, -1.0, -1.0, -1.0, -1.0, -1.0, -1.0, -1.0, -1.0, -1.0, -1.0, -1.0, -1.0, -1.0, -1.0, -1.0, -1.0, -1.0, -1.0, -1.0, -1.0, -1.0, -1.0, -1.0, -1.0, -1.0, -1.0, -1.0, -1.0, -1.0]"
2026-03-29,nykaa,Stable,0.0,"[0.0, 0.0, 0.0, 0.0, 0.0, 0.0, 0.0]","[0.0, 0.0, 0.0, 0.0, 0.0, 0.0, 0.0, 0.0, 0.0, 0.0, 0.0, 0.0, 0.0, 0.0, 0.0, 0.0, 0.0, 0.0, 0.0, 0.0, 0.0, 0.0, 0.0, 0.0, 0.0, 0.0, 0.0, 0.0, 0.0, 0.0]","[0.0, 0.0, 0.0, 0.0, 0.0, 0.0, 0.0, 0.0, 0.0, 0.0, 0.0, 0.0, 0.0, 0.0, 0.0, 0.0, 0.0, 0.0, 0.0, 0.0, 0.0, 0.0, 0.0, 0.0, 0.0, 0.0, 0.0, 0.0, 0.0, 0.0, 0.0, 0.0, 0.0, 0.0, 0.0, 0.0, 0.0, 0.0, 0.0, 0.0, 0.0, 0.0, 0.0, 0.0, 0.0, 0.0, 0.0, 0.0, 0.0, 0.0, 0.0, 0.0, 0.0, 0.0, 0.0, 0.0, 0.0, 0.0, 0.0, 0.0, 0.0, 0.0, 0.0, 0.0, 0.0, 0.0, 0.0, 0.0, 0.0, 0.0, 0.0, 0.0, 0.0, 0.0, 0.0, 0.0, 0.0, 0.0, 0.0, 0.0, 0.0, 0.0, 0.0, 0.0, 0.0, 0.0, 0.0, 0.0, 0.0, 0.0]"
2026-03-29,reliance digital,Declining,-0.5,"[-0.37, -0.52, -0.67, -0.82, -0.97, -1.0, -1.0]","[-0.37, -0.52, -0.67, -0.82, -0.97, -1.0, -1.0, -1.0, -1.0, -1.0, -1.0, -1.0, -1.0, -1.0, -1.0, -1.0, -1.0, -1.0, -1.0, -1.0, -1.0, -1.0, -1.0, -1.0, -1.0, -1.0, -1.0, -1.0, -1.0, -1.0]","[-0.37, -0.52, -0.67, -0.82, -0.97, -1.0, -1.0, -1.0, -1.0, -1.0, -1.0, -1.0, -1.0, -1.0, -1.0, -1.0, -1.0, -1.0, -1.0, -1.0, -1.0, -1.0, -1.0, -1.0, -1.0, -1.0, -1.0, -1.0, -1.0, -1.0, -1.0, -1.0, -1.0, -1.0, -1.0, -1.0, -1.0, -1.0, -1.0, -1.0, -1.0, -1.0, -1.0, -1.0, -1.0, -1.0, -1.0, -1.0, -1.0, -1.0, -1.0, -1.0, -1.0, -1.0, -1.0, -1.0, -1.0, -1.0, -1.0, -1.0, -1.0, -1.0, -1.0, -1.0, -1.0, -1.0, -1.0, -1.0, -1.0, -1.0, -1.0, -1.0, -1.0, -1.0, -1.0, -1.0, -1.0, -1.0, -1.0, -1.0, -1.0, -1.0, -1.0, -1.0, -1.0, -1.0, -1.0, -1.0, -1.0, -1.0]"
2026-03-30,flipkart,Improving,0.25,"[0.33, 0.405, 0.48, 0.555, 0.63, 0.705, 0.78]","[0.33, 0.405, 0.48, 0.555, 0.63, 0.705, 0.78, 0.855, 0.93, 1.0, 1.0, 1.0, 1.0, 1.0, 1.0, 1.0, 1.0, 1.0, 1.0, 1.0, 1.0, 1.0, 1.0, 1.0, 1.0, 1.0, 1.0, 1.0, 1.0, 1.0]","[0.33, 0.405, 0.48, 0.555, 0.63, 0.705, 0.78, 0.855, 0.93, 1.0, 1.0, 1.0, 1.0, 1.0, 1.0, 1.0, 1.0, 1.0, 1.0, 1.0, 1.0, 1.0, 1.0, 1.0, 1.0, 1.0, 1.0, 1.0, 1.0, 1.0, 1.0, 1.0, 1.0, 1.0, 1.0, 1.0, 1.0, 1.0, 1.0, 1.0, 1.0, 1.0, 1.0, 1.0, 1.0, 1.0, 1.0, 1.0, 1.0, 1.0, 1.0, 1.0, 1.0, 1.0, 1.0, 1.0, 1.0, 1.0, 1.0, 1.0, 1.0, 1.0, 1.0, 1.0, 1.0, 1.0, 1.0, 1.0, 1.0, 1.0, 1.0, 1.0, 1.0, 1.0, 1.0, 1.0, 1.0, 1.0, 1.0, 1.0, 1.0, 1.0, 1.0, 1.0, 1.0, 1.0, 1.0, 1.0, 1.0, 1.0]"
2026-03-30,amazon india,Stable,0.0,"[0.0, 0.0, 0.0, 0.0, 0.0, 0.0, 0.0]","[0.0, 0.0, 0.0, 0.0, 0.0, 0.0, 0.0, 0.0, 0.0, 0.0, 0.0, 0.0, 0.0, 0.0, 0.0, 0.0, 0.0, 0.0, 0.0, 0.0, 0.0, 0.0, 0.0, 0.0, 0.0, 0.0, 0.0, 0.0, 0.0, 0.0]","[0.0, 0.0, 0.0, 0.0, 0.0, 0.0, 0.0, 0.0, 0.0, 0.0, 0.0, 0.0, 0.0, 0.0, 0.0, 0.0, 0.0, 0.0, 0.0, 0.0, 0.0, 0.0, 0.0, 0.0, 0.0, 0.0, 0.0, 0.0, 0.0, 0.0, 0.0, 0.0, 0.0, 0.0, 0.0, 0.0, 0.0, 0.0, 0.0, 0.0, 0.0, 0.0, 0.0, 0.0, 0.0, 0.0, 0.0, 0.0, 0.0, 0.0, 0.0, 0.0, 0.0, 0.0, 0.0, 0.0, 0.0, 0.0, 0.0, 0.0, 0.0, 0.0, 0.0, 0.0, 0.0, 0.0, 0.0, 0.0, 0.0, 0.0, 0.0, 0.0, 0.0, 0.0, 0.0, 0.0, 0.0, 0.0, 0.0, 0.0, 0.0, 0.0, 0.0, 0.0, 0.0, 0.0, 0.0, 0.0, 0.0, 0.0]"
2026-03-30,myntra,Declining,-0.15,"[-0.355, -0.4, -0.445, -0.49, -0.535, -0.58, -0.625]","[-0.355, -0.4, -0.445, -0.49, -0.535, -0.58, -0.625, -0.67, -0.715, -0.76, -0.805, -0.85, -0.895, -0.94, -0.985, -1.0, -1.0, -1.0, -1.0, -1.0, -1.0, -1.0, -1.0, -1.0, -1.0, -1.0, -1.0, -1.0, -1.0, -1.0]","[-0.355, -0.4, -0.445, -0.49, -0.535, -0.58, -0.625, -0.67, -0.715, -0.76, -0.805, -0.85, -0.895, -0.94, -0.985, -1.0, -1.0, -1.0, -1.0, -1.0, -1.0, -1.0, -1.0, -1.0, -1.0, -1.0, -1.0, -1.0, -1.0, -1.0, -1.0, -1.0, -1.0, -1.0, -1.0, -1.0, -1.0, -1.0, -1.0, -1.0, -1.0, -1.0, -1.0, -1.0, -1.0, -1.0, -1.0, -1.0, -1.0, -1.0, -1.0, -1.0, -1.0, -1.0, -1.0, -1.0, -1.0, -1.0, -1.0, -1.0, -1.0, -1.0, -1.0, -1.0, -1.0, -1.0, -1.0, -1.0, -1.0, -1.0, -1.0, -1.0, -1.0, -1.0, -1.0, -1.0, -1.0, -1.0, -1.0, -1.0, -1.0, -1.0, -1.0, -1.0, -1.0, -1.0, -1.0, -1.0, -1.0, -1.0]"
2026-03-30,snapdeal,Declining,-0.5,"[0.16, 0.01, -0.14, -0.29, -0.44, -0.59, -0.74]","[0.16, 0.01, -0.14, -0.29, -0.44, -0.59, -0.74, -0.89, -1.0, -1.0, -1.0, -1.0, -1.0, -1.0, -1.0, -1.0, -1.0, -1.0, -1.0, -1.0, -1.0, -1.0, -1.0, -1.0, -1.0, -1.0, -1.0, -1.0, -1.0, -1.0]","[0.16, 0.01, -0.14, -0.29, -0.44, -0.59, -0.74, -0.89, -1.0, -1.0, -1.0, -1.0, -1.0, -1.0, -1.0, -1.0, -1.0, -1.0, -1.0, -1.0, -1.0, -1.0, -1.0, -1.0, -1.0, -1.0, -1.0, -1.0, -1.0, -1.0, -1.0, -1.0, -1.0, -1.0, -1.0, -1.0, -1.0, -1.0, -1.0, -1.0, -1.0, -1.0, -1.0, -1.0, -1.0, -1.0, -1.0, -1.0, -1.0, -1.0, -1.0, -1.0, -1.0, -1.0, -1.0, -1.0, -1.0, -1.0, -1.0, -1.0, -1.0, -1.0, -1.0, -1.0, -1.0, -1.0, -1.0, -1.0, -1.0, -1.0, -1.0, -1.0, -1.0, -1.0, -1.0, -1.0, -1.0, -1.0, -1.0, -1.0, -1.0, -1.0, -1.0, -1.0, -1.0, -1.0, -1.0, -1.0, -1.0, -1.0]"
2026-03-30,meesho,Stable,-0.0,"[0.12, 0.12, 0.12, 0.12, 0.12, 0.12, 0.12]","[0.12, 0.12, 0.12, 0.12, 0.12, 0.12, 0.12, 0.12, 0.12, 0.12, 0.12, 0.12, 0.12, 0.12, 0.12, 0.12, 0.12, 0.12, 0.12, 0.12, 0.12, 0.12, 0.12, 0.12, 0.12, 0.12, 0.12, 0.12, 0.12, 0.12]","[0.12, 0.12, 0.12, 0.12, 0.12, 0.12, 0.12, 0.12, 0.12, 0.12, 0.12, 0.12, 0.12, 0.12, 0.12, 0.12, 0.12, 0.12, 0.12, 0.12, 0.12, 0.12, 0.12, 0.12, 0.12, 0.12, 0.12, 0.12, 0.12, 0.12, 0.12, 0.12, 0.12, 0.12, 0.12, 0.12, 0.12, 0.12, 0.12, 0.12, 0.12, 0.12, 0.12, 0.12, 0.12, 0.12, 0.12, 0.12, 0.12, 0.12, 0.12, 0.12, 0.12, 0.12, 0.12, 0.12, 0.12, 0.12, 0.12, 0.12, 0.12, 0.12, 0.12, 0.12, 0.12, 0.12, 0.12, 0.12, 0.12, 0.12, 0.12, 0.12, 0.12, 0.12, 0.12, 0.12, 0.12, 0.12, 0.12, 0.12, 0.12, 0.12, 0.12, 0.12, 0.12, 0.12, 0.12, 0.12, 0.12, 0.12]"
2026-03-30,ajio,Stable,0.0,"[0.0, 0.0, 0.0, 0.0, 0.0, 0.0, 0.0]","[0.0, 0.0, 0.0, 0.0, 0.0, 0.0, 0.0, 0.0, 0.0, 0.0, 0.0, 0.0, 0.0, 0.0, 0.0, 0.0, 0.0, 0.0, 0.0, 0.0, 0.0, 0.0, 0.0, 0.0, 0.0, 0.0, 0.0, 0.0, 0.0, 0.0]","[0.0, 0.0, 0.0, 0.0, 0.0, 0.0, 0.0, 0.0, 0.0, 0.0, 0.0, 0.0, 0.0, 0.0, 0.0, 0.0, 0.0, 0.0, 0.0, 0.0, 0.0, 0.0, 0.0, 0.0, 0.0, 0.0, 0.0, 0.0, 0.0, 0.0, 0.0, 0.0, 0.0, 0.0, 0.0, 0.0, 0.0, 0.0, 0.0, 0.0, 0.0, 0.0, 0.0, 0.0, 0.0, 0.0, 0.0, 0.0, 0.0, 0.0, 0.0, 0.0, 0.0, 0.0, 0.0, 0.0, 0.0, 0.0, 0.0, 0.0, 0.0, 0.0, 0.0, 0.0, 0.0, 0.0, 0.0, 0.0, 0.0, 0.0, 0.0, 0.0, 0.0, 0.0, 0.0, 0.0, 0.0, 0.0, 0.0, 0.0, 0.0, 0.0, 0.0, 0.0, 0.0, 0.0, 0.0, 0.0, 0.0, 0.0]"
2026-03-30,bigbasket,Stable,-0.0,"[-0.82, -0.82, -0.82, -0.82, -0.82, -0.82, -0.82]","[-0.82, -0.82, -0.82, -0.82, -0.82, -0.82, -0.82, -0.82, -0.82, -0.82, -0.82, -0.82, -0.82, -0.82, -0.82, -0.82, -0.82, -0.82, -0.82, -0.82, -0.82, -0.82, -0.82, -0.82, -0.82, -0.82, -0.82, -0.82, -0.82, -0.82]","[-0.82, -0.82, -0.82, -0.82, -0.82, -0.82, -0.82, -0.82, -0.82, -0.82, -0.82, -0.82, -0.82, -0.82, -0.82, -0.82, -0.82, -0.82, -0.82, -0.82, -0.82, -0.82, -0.82, -0.82, -0.82, -0.82, -0.82, -0.82, -0.82, -0.82, -0.82, -0.82, -0.82, -0.82, -0.82, -0.82, -0.82, -0.82, -0.82, -0.82, -0.82, -0.82, -0.82, -0.82, -0.82, -0.82, -0.82, -0.82, -0.82, -0.82, -0.82, -0.82, -0.82, -0.82, -0.82, -0.82, -0.82, -0.82, -0.82, -0.82, -0.82, -0.82, -0.82, -0.82, -0.82, -0.82, -0.82, -0.82, -0.82, -0.82, -0.82, -0.82, -0.82, -0.82, -0.82, -0.82, -0.82, -0.82, -0.82, -0.82, -0.82, -0.82, -0.82, -0.82, -0.82, -0.82, -0.82, -0.82, -0.82, -0.82]"
2026-03-30,nykaa,Stable,0.0,"[0.0, 0.0, 0.0, 0.0, 0.0, 0.0, 0.0]","[0.0, 0.0, 0.0, 0.0, 0.0, 0.0, 0.0, 0.0, 0.0, 0.0, 0.0, 0.0, 0.0, 0.0, 0.0, 0.0, 0.0, 0.0, 0.0, 0.0, 0.0, 0.0, 0.0, 0.0, 0.0, 0.0, 0.0, 0.0, 0.0, 0.0]","[0.0, 0.0, 0.0, 0.0, 0.0, 0.0, 0.0, 0.0, 0.0, 0.0, 0.0, 0.0, 0.0, 0.0, 0.0, 0.0, 0.0, 0.0, 0.0, 0.0, 0.0, 0.0, 0.0, 0.0, 0.0, 0.0, 0.0, 0.0, 0.0, 0.0, 0.0, 0.0, 0.0, 0.0, 0.0, 0.0, 0.0, 0.0, 0.0, 0.0, 0.0, 0.0, 0.0, 0.0, 0.0, 0.0, 0.0, 0.0, 0.0, 0.0, 0.0, 0.0, 0.0, 0.0, 0.0, 0.0, 0.0, 0.0, 0.0, 0.0, 0.0, 0.0, 0.0, 0.0, 0.0, 0.0, 0.0, 0.0, 0.0, 0.0, 0.0, 0.0, 0.0, 0.0, 0.0, 0.0, 0.0, 0.0, 0.0, 0.0, 0.0, 0.0, 0.0, 0.0, 0.0, 0.0, 0.0, 0.0, 0.0, 0.0]"
2026-03-30,reliance digital,Improving,0.5,"[0.87, 1.0, 1.0, 1.0, 1.0, 1.0, 1.0]","[0.87, 1.0, 1.0, 1.0, 1.0, 1.0, 1.0, 1.0, 1.0, 1.0, 1.0, 1.0, 1.0, 1.0, 1.0, 1.0, 1.0, 1.0, 1.0, 1.0, 1.0, 1.0, 1.0, 1.0, 1.0, 1.0, 1.0, 1.0, 1.0, 1.0]","[0.87, 1.0, 1.0, 1.0, 1.0, 1.0, 1.0, 1.0, 1.0, 1.0, 1.0, 1.0, 1.0, 1.0, 1.0, 1.0, 1.0, 1.0, 1.0, 1.0, 1.0, 1.0, 1.0, 1.0, 1.0, 1.0, 1.0, 1.0, 1.0, 1.0, 1.0, 1.0, 1.0, 1.0, 1.0, 1.0, 1.0, 1.0, 1.0, 1.0, 1.0, 1.0, 1.0, 1.0, 1.0, 1.0, 1.0, 1.0, 1.0, 1.0, 1.0, 1.0, 1.0, 1.0, 1.0, 1.0, 1.0, 1.0, 1.0, 1.0, 1.0, 1.0, 1.0, 1.0, 1.0, 1.0, 1.0, 1.0, 1.0, 1.0, 1.0, 1.0, 1.0, 1.0, 1.0, 1.0, 1.0, 1.0, 1.0, 1.0, 1.0, 1.0, 1.0, 1.0, 1.0, 1.0, 1.0, 1.0, 1.0, 1.0]"
2026-03-31,flipkart,Declining,-0.022,"[-0.1655, -0.1721, -0.1787, -0.1852, -0.1918, -0.1984, -0.205]","[-0.1655, -0.1721, -0.1787, -0.1852, -0.1918, -0.1984, -0.205, -0.2116, -0.2182, -0.2248, -0.2314, -0.238, -0.2446, -0.2511, -0.2577, -0.2643, -0.2709, -0.2775, -0.2841, -0.2907, -0.2973, -0.3039, -0.3105, -0.317, -0.3236, -0.3302, -0.3368, -0.3434, -0.35, -0.3566]","[-0.1655, -0.1721, -0.1787, -0.1852, -0.1918, -0.1984, -0.205, -0.2116, -0.2182, -0.2248, -0.2314, -0.238, -0.2446, -0.2511, -0.2577, -0.2643, -0.2709, -0.2775, -0.2841, -0.2907, -0.2973, -0.3039, -0.3105, -0.317, -0.3236, -0.3302, -0.3368, -0.3434, -0.35, -0.3566, -0.3632, -0.3698, -0.3764, -0.383, -0.3895, -0.3961, -0.4027, -0.4093, -0.4159, -0.4225, -0.4291, -0.4357, -0.4423, -0.4489, -0.4554, -0.462, -0.4686, -0.4752, -0.4818, -0.4884, -0.495, -0.5016, -0.5082, -0.5148, -0.5213, -0.5279, -0.5345, -0.5411, -0.5477, -0.5543, -0.5609, -0.5675, -0.5741, -0.5807, -0.5872, -0.5938, -0.6004, -0.607, -0.6136, -0.6202, -0.6268, -0.6334, -0.64, -0.6466, -0.6531, -0.6597, -0.6663, -0.6729, -0.6795, -0.6861, -0.6927, -0.6993, -0.7059, -0.7125, -0.719, -0.7256, -0.7322, -0.7388, -0.7454, -0.752]"
2026-03-31,amazon india,Declining,-0.0967,"[-0.1503, -0.1793, -0.2083, -0.2373, -0.2663, -0.2953, -0.3243]","[-0.1503, -0.1793, -0.2083, -0.2373, -0.2663, -0.2953, -0.3243, -0.3533, -0.3823, -0.4113, -0.4403, -0.4693, -0.4983, -0.5273, -0.5563, -0.5853, -0.6143, -0.6433, -0.6723, -0.7013, -0.7303, -0.7593, -0.7883, -0.8173, -0.8463, -0.8753, -0.9043, -0.9333, -0.9623, -0.9913]","[-0.1503, -0.1793, -0.2083, -0.2373, -0.2663, -0.2953, -0.3243, -0.3533, -0.3823, -0.4113, -0.4403, -0.4693, -0.4983, -0.5273, -0.5563, -0.5853, -0.6143, -0.6433, -0.6723, -0.7013, -0.7303, -0.7593, -0.7883, -0.8173, -0.8463, -0.8753, -0.9043, -0.9333, -0.9623, -0.9913, -1.0, -1.0, -1.0, -1.0, -1.0, -1.0, -1.0, -1.0, -1.0, -1.0, -1.0, -1.0, -1.0, -1.0, -1.0, -1.0, -1.0, -1.0, -1.0, -1.0, -1.0, -1.0, -1.0, -1.0, -1.0, -1.0, -1.0, -1.0, -1.0, -1.0, -1.0, -1.0, -1.0, -1.0, -1.0, -1.0, -1.0, -1.0, -1.0, -1.0, -1.0, -1.0, -1.0, -1.0, -1.0, -1.0, -1.0, -1.0, -1.0, -1.0, -1.0, -1.0, -1.0, -1.0, -1.0, -1.0, -1.0, -1.0, -1.0, -1.0]"
2026-03-31,myntra,Declining,-0.15,"[-0.355, -0.4, -0.445, -0.49, -0.535, -0.58, -0.625]","[-0.355, -0.4, -0.445, -0.49, -0.535, -0.58, -0.625, -0.67, -0.715, -0.76, -0.805, -0.85, -0.895, -0.94, -0.985, -1.0, -1.0, -1.0, -1.0, -1.0, -1.0, -1.0, -1.0, -1.0, -1.0, -1.0, -1.0, -1.0, -1.0, -1.0]","[-0.355, -0.4, -0.445, -0.49, -0.535, -0.58, -0.625, -0.67, -0.715, -0.76, -0.805, -0.85, -0.895, -0.94, -0.985, -1.0, -1.0, -1.0, -1.0, -1.0, -1.0, -1.0, -1.0, -1.0, -1.0, -1.0, -1.0, -1.0, -1.0, -1.0, -1.0, -1.0, -1.0, -1.0, -1.0, -1.0, -1.0, -1.0, -1.0, -1.0, -1.0, -1.0, -1.0, -1.0, -1.0, -1.0, -1.0, -1.0, -1.0, -1.0, -1.0, -1.0, -1.0, -1.0, -1.0, -1.0, -1.0, -1.0, -1.0, -1.0, -1.0, -1.0, -1.0, -1.0, -1.0, -1.0, -1.0, -1.0, -1.0, -1.0, -1.0, -1.0, -1.0, -1.0, -1.0, -1.0, -1.0, -1.0, -1.0, -1.0, -1.0, -1.0, -1.0, -1.0, -1.0, -1.0, -1.0, -1.0, -1.0, -1.0]"
2026-03-31,snapdeal,Declining,-0.5,"[0.16, 0.01, -0.14, -0.29, -0.44, -0.59, -0.74]","[0.16, 0.01, -0.14, -0.29, -0.44, -0.59, -0.74, -0.89, -1.0, -1.0, -1.0, -1.0, -1.0, -1.0, -1.0, -1.0, -1.0, -1.0, -1.0, -1.0, -1.0, -1.0, -1.0, -1.0, -1.0, -1.0, -1.0, -1.0, -1.0, -1.0]","[0.16, 0.01, -0.14, -0.29, -0.44, -0.59, -0.74, -0.89, -1.0, -1.0, -1.0, -1.0, -1.0, -1.0, -1.0, -1.0, -1.0, -1.0, -1.0, -1.0, -1.0, -1.0, -1.0, -1.0, -1.0, -1.0, -1.0, -1.0, -1.0, -1.0, -1.0, -1.0, -1.0, -1.0, -1.0, -1.0, -1.0, -1.0, -1.0, -1.0, -1.0, -1.0, -1.0, -1.0, -1.0, -1.0, -1.0, -1.0, -1.0, -1.0, -1.0, -1.0, -1.0, -1.0, -1.0, -1.0, -1.0, -1.0, -1.0, -1.0, -1.0, -1.0, -1.0, -1.0, -1.0, -1.0, -1.0, -1.0, -1.0, -1.0, -1.0, -1.0, -1.0, -1.0, -1.0, -1.0, -1.0, -1.0, -1.0, -1.0, -1.0, -1.0, -1.0, -1.0, -1.0, -1.0, -1.0, -1.0, -1.0, -1.0]"
2026-03-31,meesho,Improving,0.1012,"[0.46, 0.4904, 0.5207, 0.5511, 0.5814, 0.6118, 0.6421]","[0.46, 0.4904, 0.5207, 0.5511, 0.5814, 0.6118, 0.6421, 0.6725, 0.7029, 0.7332, 0.7636, 0.7939, 0.8243, 0.8546, 0.885, 0.9154, 0.9457, 0.9761, 1.0, 1.0, 1.0, 1.0, 1.0, 1.0, 1.0, 1.0, 1.0, 1.0, 1.0, 1.0]","[0.46, 0.4904, 0.5207, 0.5511, 0.5814, 0.6118, 0.6421, 0.6725, 0.7029, 0.7332, 0.7636, 0.7939, 0.8243, 0.8546, 0.885, 0.9154, 0.9457, 0.9761, 1.0, 1.0, 1.0, 1.0, 1.0, 1.0, 1.0, 1.0, 1.0, 1.0, 1.0, 1.0, 1.0, 1.0, 1.0, 1.0, 1.0, 1.0, 1.0, 1.0, 1.0, 1.0, 1.0, 1.0, 1.0, 1.0, 1.0, 1.0, 1.0, 1.0, 1.0, 1.0, 1.0, 1.0, 1.0, 1.0, 1.0, 1.0, 1.0, 1.0, 1.0, 1.0, 1.0, 1.0, 1.0, 1.0, 1.0, 1.0, 1.0, 1.0, 1.0, 1.0, 1.0, 1.0, 1.0, 1.0, 1.0, 1.0, 1.0, 1.0, 1.0, 1.0, 1.0, 1.0, 1.0, 1.0, 1.0, 1.0, 1.0, 1.0, 1.0, 1.0]"
2026-03-31,ajio,Declining,-0.5,"[0.16, 0.01, -0.14, -0.29, -0.44, -0.59, -0.74]","[0.16, 0.01, -0.14, -0.29, -0.44, -0.59, -0.74, -0.89, -1.0, -1.0, -1.0, -1.0, -1.0, -1.0, -1.0, -1.0, -1.0, -1.0, -1.0, -1.0, -1.0, -1.0, -1.0, -1.0, -1.0, -1.0, -1.0, -1.0, -1.0, -1.0]","[0.16, 0.01, -0.14, -0.29, -0.44, -0.59, -0.74, -0.89, -1.0, -1.0, -1.0, -1.0, -1.0, -1.0, -1.0, -1.0, -1.0, -1.0, -1.0, -1.0, -1.0, -1.0, -1.0, -1.0, -1.0, -1.0, -1.0, -1.0, -1.0, -1.0, -1.0, -1.0, -1.0, -1.0, -1.0, -1.0, -1.0, -1.0, -1.0, -1.0, -1.0, -1.0, -1.0, -1.0, -1.0, -1.0, -1.0, -1.0, -1.0, -1.0, -1.0, -1.0, -1.0, -1.0, -1.0, -1.0, -1.0, -1.0, -1.0, -1.0, -1.0, -1.0, -1.0, -1.0, -1.0, -1.0, -1.0, -1.0, -1.0, -1.0, -1.0, -1.0, -1.0, -1.0, -1.0, -1.0, -1.0, -1.0, -1.0, -1.0, -1.0, -1.0, -1.0, -1.0, -1.0, -1.0, -1.0, -1.0, -1.0, -1.0]"
2026-03-31,bigbasket,Declining,-0.15,"[-0.78, -0.825, -0.87, -0.915, -0.96, -1.0, -1.0]","[-0.78, -0.825, -0.87, -0.915, -0.96, -1.0, -1.0, -1.0, -1.0, -1.0, -1.0, -1.0, -1.0, -1.0, -1.0, -1.0, -1.0, -1.0, -1.0, -1.0, -1.0, -1.0, -1.0, -1.0, -1.0, -1.0, -1.0, -1.0, -1.0, -1.0]","[-0.78, -0.825, -0.87, -0.915, -0.96, -1.0, -1.0, -1.0, -1.0, -1.0, -1.0, -1.0, -1.0, -1.0, -1.0, -1.0, -1.0, -1.0, -1.0, -1.0, -1.0, -1.0, -1.0, -1.0, -1.0, -1.0, -1.0, -1.0, -1.0, -1.0, -1.0, -1.0, -1.0, -1.0, -1.0, -1.0, -1.0, -1.0, -1.0, -1.0, -1.0, -1.0, -1.0, -1.0, -1.0, -1.0, -1.0, -1.0, -1.0, -1.0, -1.0, -1.0, -1.0, -1.0, -1.0, -1.0, -1.0, -1.0, -1.0, -1.0, -1.0, -1.0, -1.0, -1.0, -1.0, -1.0, -1.0, -1.0, -1.0, -1.0, -1.0, -1.0, -1.0, -1.0, -1.0, -1.0, -1.0, -1.0, -1.0, -1.0, -1.0, -1.0, -1.0, -1.0, -1.0, -1.0, -1.0, -1.0, -1.0, -1.0]"
2026-03-31,nykaa,Stable,-0.0,"[0.68, 0.68, 0.68, 0.68, 0.68, 0.68, 0.68]","[0.68, 0.68, 0.68, 0.68, 0.68, 0.68, 0.68, 0.68, 0.68, 0.68, 0.68, 0.68, 0.68, 0.68, 0.68, 0.68, 0.68, 0.68, 0.68, 0.68, 0.68, 0.68, 0.68, 0.68, 0.68, 0.68, 0.68, 0.68, 0.68, 0.68]","[0.68, 0.68, 0.68, 0.68, 0.68, 0.68, 0.68, 0.68, 0.68, 0.68, 0.68, 0.68, 0.68, 0.68, 0.68, 0.68, 0.68, 0.68, 0.68, 0.68, 0.68, 0.68, 0.68, 0.68, 0.68, 0.68, 0.68, 0.68, 0.68, 0.68, 0.68, 0.68, 0.68, 0.68, 0.68, 0.68, 0.68, 0.68, 0.68, 0.68, 0.68, 0.68, 0.68, 0.68, 0.68, 0.68, 0.68, 0.68, 0.68, 0.68, 0.68, 0.68, 0.68, 0.68, 0.68, 0.68, 0.68, 0.68, 0.68, 0.68, 0.68, 0.68, 0.68, 0.68, 0.68, 0.68, 0.68, 0.68, 0.68, 0.68, 0.68, 0.68, 0.68, 0.68, 0.68, 0.68, 0.68, 0.68, 0.68, 0.68, 0.68, 0.68, 0.68, 0.68, 0.68, 0.68, 0.68, 0.68, 0.68, 0.68]"
2026-03-31,reliance digital,Improving,0.1163,"[0.2904, 0.3253, 0.3602, 0.3951, 0.43, 0.4649, 0.4998]","[0.2904, 0.3253, 0.3602, 0.3951, 0.43, 0.4649, 0.4998, 0.5347, 0.5696, 0.6045, 0.6394, 0.6743, 0.7092, 0.7441, 0.779, 0.8139, 0.8488, 0.8837, 0.9186, 0.9535, 0.9884, 1.0, 1.0, 1.0, 1.0, 1.0, 1.0, 1.0, 1.0, 1.0]","[0.2904, 0.3253, 0.3602, 0.3951, 0.43, 0.4649, 0.4998, 0.5347, 0.5696, 0.6045, 0.6394, 0.6743, 0.7092, 0.7441, 0.779, 0.8139, 0.8488, 0.8837, 0.9186, 0.9535, 0.9884, 1.0, 1.0, 1.0, 1.0, 1.0, 1.0, 1.0, 1.0, 1.0, 1.0, 1.0, 1.0, 1.0, 1.0, 1.0, 1.0, 1.0, 1.0, 1.0, 1.0, 1.0, 1.0, 1.0, 1.0, 1.0, 1.0, 1.0, 1.0, 1.0, 1.0, 1.0, 1.0, 1.0, 1.0, 1.0, 1.0, 1.0, 1.0, 1.0, 1.0, 1.0, 1.0, 1.0, 1.0, 1.0, 1.0, 1.0, 1.0, 1.0, 1.0, 1.0, 1.0, 1.0, 1.0, 1.0, 1.0, 1.0, 1.0, 1.0, 1.0, 1.0, 1.0, 1.0, 1.0, 1.0, 1.0, 1.0, 1.0, 1.0]"
2026-03-31,zepto,Stable,-0.0,"[0.82, 0.82, 0.82, 0.82, 0.82, 0.82, 0.82]","[0.82, 0.82, 0.82, 0.82, 0.82, 0.82, 0.82, 0.82, 0.82, 0.82, 0.82, 0.82, 0.82, 0.82, 0.82, 0.82, 0.82, 0.82, 0.82, 0.82, 0.82, 0.82, 0.82, 0.82, 0.82, 0.82, 0.82, 0.82, 0.82, 0.82]","[0.82, 0.82, 0.82, 0.82, 0.82, 0.82, 0.82, 0.82, 0.82, 0.82, 0.82, 0.82, 0.82, 0.82, 0.82, 0.82, 0.82, 0.82, 0.82, 0.82, 0.82, 0.82, 0.82, 0.82, 0.82, 0.82, 0.82, 0.82, 0.82, 0.82, 0.82, 0.82, 0.82, 0.82, 0.82, 0.82, 0.82, 0.82, 0.82, 0.82, 0.82, 0.82, 0.82, 0.82, 0.82, 0.82, 0.82, 0.82, 0.82, 0.82, 0.82, 0.82, 0.82, 0.82, 0.82, 0.82, 0.82, 0.82, 0.82, 0.82, 0.82, 0.82, 0.82, 0.82, 0.82, 0.82, 0.82, 0.82, 0.82, 0.82, 0.82, 0.82, 0.82, 0.82, 0.82, 0.82, 0.82, 0.82, 0.82, 0.82, 0.82, 0.82, 0.82, 0.82, 0.82, 0.82, 0.82, 0.82, 0.82, 0.82]"
2026-03-31,blinkit,Stable,0.0,"[-0.69, -0.69, -0.69, -0.69, -0.69, -0.69, -0.69]","[-0.69, -0.69, -0.69, -0.69, -0.69, -0.69, -0.69, -0.69, -0.69, -0.69, -0.69, -0.69, -0.69, -0.69, -0.69, -0.69, -0.69, -0.69, -0.69, -0.69, -0.69, -0.69, -0.69, -0.69, -0.69, -0.69, -0.69, -0.69, -0.69, -0.69]","[-0.69, -0.69, -0.69, -0.69, -0.69, -0.69, -0.69, -0.69, -0.69, -0.69, -0.69, -0.69, -0.69, -0.69, -0.69, -0.69, -0.69, -0.69, -0.69, -0.69, -0.69, -0.69, -0.69, -0.69, -0.69, -0.69, -0.69, -0.69, -0.69, -0.69, -0.69, -0.69, -0.69, -0.69, -0.69, -0.69, -0.69, -0.69, -0.69, -0.69, -0.69, -0.69, -0.69, -0.69, -0.69, -0.69, -0.69, -0.69, -0.69, -0.69, -0.69, -0.69, -0.69, -0.69, -0.69, -0.69, -0.69, -0.69, -0.69, -0.69, -0.69, -0.69, -0.69, -0.69, -0.69, -0.69, -0.69, -0.69, -0.69, -0.69, -0.69, -0.69, -0.69, -0.69, -0.69, -0.69, -0.69, -0.69, -0.69, -0.69, -0.69, -0.69, -0.69, -0.69, -0.69, -0.69, -0.69, -0.69, -0.69, -0.69]"
2026-03-31,zomato,Declining,-0.1095,"[-0.045, -0.0779, -0.1107, -0.1436, -0.1764, -0.2093, -0.2421]","[-0.045, -0.0779, -0.1107, -0.1436, -0.1764, -0.2093, -0.2421, -0.275, -0.3079, -0.3407, -0.3736, -0.4064, -0.4393, -0.4721, -0.505, -0.5379, -0.5707, -0.6036, -0.6364, -0.6693, -0.7021, -0.735, -0.7679, -0.8007, -0.8336, -0.8664, -0.8993, -0.9321, -0.965, -0.9979]","[-0.045, -0.0779, -0.1107, -0.1436, -0.1764, -0.2093, -0.2421, -0.275, -0.3079, -0.3407, -0.3736, -0.4064, -0.4393, -0.4721, -0.505, -0.5379, -0.5707, -0.6036, -0.6364, -0.6693, -0.7021, -0.735, -0.7679, -0.8007, -0.8336, -0.8664, -0.8993, -0.9321, -0.965, -0.9979, -1.0, -1.0, -1.0, -1.0, -1.0, -1.0, -1.0, -1.0, -1.0, -1.0, -1.0, -1.0, -1.0, -1.0, -1.0, -1.0, -1.0, -1.0, -1.0, -1.0, -1.0, -1.0, -1.0, -1.0, -1.0, -1.0, -1.0, -1.0, -1.0, -1.0, -1.0, -1.0, -1.0, -1.0, -1.0, -1.0, -1.0, -1.0, -1.0, -1.0, -1.0, -1.0, -1.0, -1.0, -1.0, -1.0, -1.0, -1.0, -1.0, -1.0, -1.0, -1.0, -1.0, -1.0, -1.0, -1.0, -1.0, -1.0, -1.0, -1.0]"
2026-03-31,swiggy,Declining,-0.3333,"[0.0867, -0.0133, -0.1133, -0.2133, -0.3133, -0.4133, -0.5133]","[0.0867, -0.0133, -0.1133, -0.2133, -0.3133, -0.4133, -0.5133, -0.6133, -0.7133, -0.8133, -0.9133, -1.0, -1.0, -1.0, -1.0, -1.0, -1.0, -1.0, -1.0, -1.0, -1.0, -1.0, -1.0, -1.0, -1.0, -1.0, -1.0, -1.0, -1.0, -1.0]","[0.0867, -0.0133, -0.1133, -0.2133, -0.3133, -0.4133, -0.5133, -0.6133, -0.7133, -0.8133, -0.9133, -1.0, -1.0, -1.0, -1.0, -1.0, -1.0, -1.0, -1.0, -1.0, -1.0, -1.0, -1.0, -1.0, -1.0, -1.0, -1.0, -1.0, -1.0, -1.0, -1.0, -1.0, -1.0, -1.0, -1.0, -1.0, -1.0, -1.0, -1.0, -1.0, -1.0, -1.0, -1.0, -1.0, -1.0, -1.0, -1.0, -1.0, -1.0, -1.0, -1.0, -1.0, -1.0, -1.0, -1.0, -1.0, -1.0, -1.0, -1.0, -1.0, -1.0, -1.0, -1.0, -1.0, -1.0, -1.0, -1.0, -1.0, -1.0, -1.0, -1.0, -1.0, -1.0, -1.0, -1.0, -1.0, -1.0, -1.0, -1.0, -1.0, -1.0, -1.0, -1.0, -1.0, -1.0, -1.0, -1.0, -1.0, -1.0, -1.0]"
2026-03-31,firstcry,Declining,-0.5,"[-0.86, -1.0, -1.0, -1.0, -1.0, -1.0, -1.0]","[-0.86, -1.0, -1.0, -1.0, -1.0, -1.0, -1.0, -1.0, -1.0, -1.0, -1.0, -1.0, -1.0, -1.0, -1.0, -1.0, -1.0, -1.0, -1.0, -1.0, -1.0, -1.0, -1.0, -1.0, -1.0, -1.0, -1.0, -1.0, -1.0, -1.0]","[-0.86, -1.0, -1.0, -1.0, -1.0, -1.0, -1.0, -1.0, -1.0, -1.0, -1.0, -1.0, -1.0, -1.0, -1.0, -1.0, -1.0, -1.0, -1.0, -1.0, -1.0, -1.0, -1.0, -1.0, -1.0, -1.0, -1.0, -1.0, -1.0, -1.0, -1.0, -1.0, -1.0, -1.0, -1.0, -1.0, -1.0, -1.0, -1.0, -1.0, -1.0, -1.0, -1.0, -1.0, -1.0, -1.0, -1.0, -1.0, -1.0, -1.0, -1.0, -1.0, -1.0, -1.0, -1.0, -1.0, -1.0, -1.0, -1.0, -1.0, -1.0, -1.0, -1.0, -1.0, -1.0, -1.0, -1.0, -1.0, -1.0, -1.0, -1.0, -1.0, -1.0, -1.0, -1.0, -1.0, -1.0, -1.0, -1.0, -1.0, -1.0, -1.0, -1.0, -1.0, -1.0, -1.0, -1.0, -1.0, -1.0, -1.0]"
2026-03-31,lenskart,Declining,-0.1,"[-0.02, -0.05, -0.08, -0.11, -0.14, -0.17, -0.2]","[-0.02, -0.05, -0.08, -0.11, -0.14, -0.17, -0.2, -0.23, -0.26, -0.29, -0.32, -0.35, -0.38, -0.41, -0.44, -0.47, -0.5, -0.53, -0.56, -0.59, -0.62, -0.65, -0.68, -0.71, -0.74, -0.77, -0.8, -0.83, -0.86, -0.89]","[-0.02, -0.05, -0.08, -0.11, -0.14, -0.17, -0.2, -0.23, -0.26, -0.29, -0.32, -0.35, -0.38, -0.41, -0.44, -0.47, -0.5, -0.53, -0.56, -0.59, -0.62, -0.65, -0.68, -0.71, -0.74, -0.77, -0.8, -0.83, -0.86, -0.89, -0.92, -0.95, -0.98, -1.0, -1.0, -1.0, -1.0, -1.0, -1.0, -1.0, -1.0, -1.0, -1.0, -1.0, -1.0, -1.0, -1.0, -1.0, -1.0, -1.0, -1.0, -1.0, -1.0, -1.0, -1.0, -1.0, -1.0, -1.0, -1.0, -1.0, -1.0, -1.0, -1.0, -1.0, -1.0, -1.0, -1.0, -1.0, -1.0, -1.0, -1.0, -1.0, -1.0, -1.0, -1.0, -1.0, -1.0, -1.0, -1.0, -1.0, -1.0, -1.0, -1.0, -1.0, -1.0, -1.0, -1.0, -1.0, -1.0, -1.0]"
2026-03-31,tata 1mg,Declining,-0.25,"[-0.15, -0.225, -0.3, -0.375, -0.45, -0.525, -0.6]","[-0.15, -0.225, -0.3, -0.375, -0.45, -0.525, -0.6, -0.675, -0.75, -0.825, -0.9, -0.975, -1.0, -1.0, -1.0, -1.0, -1.0, -1.0, -1.0, -1.0, -1.0, -1.0, -1.0, -1.0, -1.0, -1.0, -1.0, -1.0, -1.0, -1.0]","[-0.15, -0.225, -0.3, -0.375, -0.45, -0.525, -0.6, -0.675, -0.75, -0.825, -0.9, -0.975, -1.0, -1.0, -1.0, -1.0, -1.0, -1.0, -1.0, -1.0, -1.0, -1.0, -1.0, -1.0, -1.0, -1.0, -1.0, -1.0, -1.0, -1.0, -1.0, -1.0, -1.0, -1.0, -1.0, -1.0, -1.0, -1.0, -1.0, -1.0, -1.0, -1.0, -1.0, -1.0, -1.0, -1.0, -1.0, -1.0, -1.0, -1.0, -1.0, -1.0, -1.0, -1.0, -1.0, -1.0, -1.0, -1.0, -1.0, -1.0, -1.0, -1.0, -1.0, -1.0, -1.0, -1.0, -1.0, -1.0, -1.0, -1.0, -1.0, -1.0, -1.0, -1.0, -1.0, -1.0, -1.0, -1.0, -1.0, -1.0, -1.0, -1.0, -1.0, -1.0, -1.0, -1.0, -1.0, -1.0, -1.0, -1.0]"
2026-03-31,delhivery,Declining,-0.3,"[-0.21, -0.3, -0.39, -0.48, -0.57, -0.66, -0.75]","[-0.21, -0.3, -0.39, -0.48, -0.57, -0.66, -0.75, -0.84, -0.93, -1.0, -1.0, -1.0, -1.0, -1.0, -1.0, -1.0, -1.0, -1.0, -1.0, -1.0, -1.0, -1.0, -1.0, -1.0, -1.0, -1.0, -1.0, -1.0, -1.0, -1.0]","[-0.21, -0.3, -0.39, -0.48, -0.57, -0.66, -0.75, -0.84, -0.93, -1.0, -1.0, -1.0, -1.0, -1.0, -1.0, -1.0, -1.0, -1.0, -1.0, -1.0, -1.0, -1.0, -1.0, -1.0, -1.0, -1.0, -1.0, -1.0, -1.0, -1.0, -1.0, -1.0, -1.0, -1.0, -1.0, -1.0, -1.0, -1.0, -1.0, -1.0, -1.0, -1.0, -1.0, -1.0, -1.0, -1.0, -1.0, -1.0, -1.0, -1.0, -1.0, -1.0, -1.0, -1.0, -1.0, -1.0, -1.0, -1.0, -1.0, -1.0, -1.0, -1.0, -1.0, -1.0, -1.0, -1.0, -1.0, -1.0, -1.0, -1.0, -1.0, -1.0, -1.0, -1.0, -1.0, -1.0, -1.0, -1.0, -1.0, -1.0, -1.0, -1.0, -1.0, -1.0, -1.0, -1.0, -1.0, -1.0, -1.0, -1.0]"
2026-03-31,shiprocket,Improving,0.5,"[0.66, 0.81, 0.96, 1.0, 1.0, 1.0, 1.0]","[0.66, 0.81, 0.96, 1.0, 1.0, 1.0, 1.0, 1.0, 1.0, 1.0, 1.0, 1.0, 1.0, 1.0, 1.0, 1.0, 1.0, 1.0, 1.0, 1.0, 1.0, 1.0, 1.0, 1.0, 1.0, 1.0, 1.0, 1.0, 1.0, 1.0]","[0.66, 0.81, 0.96, 1.0, 1.0, 1.0, 1.0, 1.0, 1.0, 1.0, 1.0, 1.0, 1.0, 1.0, 1.0, 1.0, 1.0, 1.0, 1.0, 1.0, 1.0, 1.0, 1.0, 1.0, 1.0, 1.0, 1.0, 1.0, 1.0, 1.0, 1.0, 1.0, 1.0, 1.0, 1.0, 1.0, 1.0, 1.0, 1.0, 1.0, 1.0, 1.0, 1.0, 1.0, 1.0, 1.0, 1.0, 1.0, 1.0, 1.0, 1.0, 1.0, 1.0, 1.0, 1.0, 1.0, 1.0, 1.0, 1.0, 1.0, 1.0, 1.0, 1.0, 1.0, 1.0, 1.0, 1.0, 1.0, 1.0, 1.0, 1.0, 1.0, 1.0, 1.0, 1.0, 1.0, 1.0, 1.0, 1.0, 1.0, 1.0, 1.0, 1.0, 1.0, 1.0, 1.0, 1.0, 1.0, 1.0, 1.0]"
2026-03-31,h&m india,Declining,-0.0408,"[0.0, -0.0122, -0.0245, -0.0367, -0.049, -0.0612, -0.0735]","[0.0, -0.0122, -0.0245, -0.0367, -0.049, -0.0612, -0.0735, -0.0857, -0.098, -0.1102, -0.1224, -0.1347, -0.1469, -0.1592, -0.1714, -0.1837, -0.1959, -0.2082, -0.2204, -0.2327, -0.2449, -0.2571, -0.2694, -0.2816, -0.2939, -0.3061, -0.3184, -0.3306, -0.3429, -0.3551]","[0.0, -0.0122, -0.0245, -0.0367, -0.049, -0.0612, -0.0735, -0.0857, -0.098, -0.1102, -0.1224, -0.1347, -0.1469, -0.1592, -0.1714, -0.1837, -0.1959, -0.2082, -0.2204, -0.2327, -0.2449, -0.2571, -0.2694, -0.2816, -0.2939, -0.3061, -0.3184, -0.3306, -0.3429, -0.3551, -0.3673, -0.3796, -0.3918, -0.4041, -0.4163, -0.4286, -0.4408, -0.4531, -0.4653, -0.4776, -0.4898, -0.502, -0.5143, -0.5265, -0.5388, -0.551, -0.5633, -0.5755, -0.5878, -0.6, -0.6122, -0.6245, -0.6367, -0.649, -0.6612, -0.6735, -0.6857, -0.698, -0.7102, -0.7224, -0.7347, -0.7469, -0.7592, -0.7714, -0.7837, -0.7959, -0.8082, -0.8204, -0.8327, -0.8449, -0.8571, -0.8694, -0.8816, -0.8939, -0.9061, -0.9184, -0.9306, -0.9429, -0.9551, -0.9673, -0.9796, -0.9918, -1.0, -1.0, -1.0, -1.0, -1.0, -1.0, -1.0, -1.0]"
2026-03-31,zara india,Declining,-0.15,"[0.335, 0.29, 0.245, 0.2, 0.155, 0.11, 0.065]","[0.335, 0.29, 0.245, 0.2, 0.155, 0.11, 0.065, 0.02, -0.025, -0.07, -0.115, -0.16, -0.205, -0.25, -0.295, -0.34, -0.385, -0.43, -0.475, -0.52, -0.565, -0.61, -0.655, -0.7, -0.745, -0.79, -0.835, -0.88, -0.925, -0.97]","[0.335, 0.29, 0.245, 0.2, 0.155, 0.11, 0.065, 0.02, -0.025, -0.07, -0.115, -0.16, -0.205, -0.25, -0.295, -0.34, -0.385, -0.43, -0.475, -0.52, -0.565, -0.61, -0.655, -0.7, -0.745, -0.79, -0.835, -0.88, -0.925, -0.97, -1.0, -1.0, -1.0, -1.0, -1.0, -1.0, -1.0, -1.0, -1.0, -1.0, -1.0, -1.0, -1.0, -1.0, -1.0, -1.0, -1.0, -1.0, -1.0, -1.0, -1.0, -1.0, -1.0, -1.0, -1.0, -1.0, -1.0, -1.0, -1.0, -1.0, -1.0, -1.0, -1.0, -1.0, -1.0, -1.0, -1.0, -1.0, -1.0, -1.0, -1.0, -1.0, -1.0, -1.0, -1.0, -1.0, -1.0, -1.0, -1.0, -1.0, -1.0, -1.0, -1.0, -1.0, -1.0, -1.0, -1.0, -1.0, -1.0, -1.0]"
2026-03-31,urban company,Improving,0.0514,"[0.3707, 0.3861, 0.4015, 0.417, 0.4324, 0.4478, 0.4632]","[0.3707, 0.3861, 0.4015, 0.417, 0.4324, 0.4478, 0.4632, 0.4787, 0.4941, 0.5095, 0.525, 0.5404, 0.5558, 0.5712, 0.5867, 0.6021, 0.6175, 0.633, 0.6484, 0.6638, 0.6792, 0.6947, 0.7101, 0.7255, 0.741, 0.7564, 0.7718, 0.7872, 0.8027, 0.8181]","[0.3707, 0.3861, 0.4015, 0.417, 0.4324, 0.4478, 0.4632, 0.4787, 0.4941, 0.5095, 0.525, 0.5404, 0.5558, 0.5712, 0.5867, 0.6021, 0.6175, 0.633, 0.6484, 0.6638, 0.6792, 0.6947, 0.7101, 0.7255, 0.741, 0.7564, 0.7718, 0.7872, 0.8027, 0.8181, 0.8335, 0.849, 0.8644, 0.8798, 0.8952, 0.9107, 0.9261, 0.9415, 0.957, 0.9724, 0.9878, 1.0, 1.0, 1.0, 1.0, 1.0, 1.0, 1.0, 1.0, 1.0, 1.0, 1.0, 1.0, 1.0, 1.0, 1.0, 1.0, 1.0, 1.0, 1.0, 1.0, 1.0, 1.0, 1.0, 1.0, 1.0, 1.0, 1.0, 1.0, 1.0, 1.0, 1.0, 1.0, 1.0, 1.0, 1.0, 1.0, 1.0, 1.0, 1.0, 1.0, 1.0, 1.0, 1.0, 1.0, 1.0, 1.0, 1.0, 1.0, 1.0]"
2026-04-01,flipkart,Declining,-0.0217,"[0.0688, 0.0623, 0.0558, 0.0493, 0.0428, 0.0363, 0.0298]","[0.0688, 0.0623, 0.0558, 0.0493, 0.0428, 0.0363, 0.0298, 0.0233, 0.0167, 0.0102, 0.0037, -0.0028, -0.0093, -0.0158, -0.0223, -0.0288, -0.0354, -0.0419, -0.0484, -0.0549, -0.0614, -0.0679, -0.0744, -0.0809, -0.0875, -0.094, -0.1005, -0.107, -0.1135, -0.12]","[0.0688, 0.0623, 0.0558, 0.0493, 0.0428, 0.0363, 0.0298, 0.0233, 0.0167, 0.0102, 0.0037, -0.0028, -0.0093, -0.0158, -0.0223, -0.0288, -0.0354, -0.0419, -0.0484, -0.0549, -0.0614, -0.0679, -0.0744, -0.0809, -0.0875, -0.094, -0.1005, -0.107, -0.1135, -0.12, -0.1265, -0.133, -0.1395, -0.1461, -0.1526, -0.1591, -0.1656, -0.1721, -0.1786, -0.1851, -0.1916, -0.1982, -0.2047, -0.2112, -0.2177, -0.2242, -0.2307, -0.2372, -0.2437, -0.2502, -0.2568, -0.2633, -0.2698, -0.2763, -0.2828, -0.2893, -0.2958, -0.3023, -0.3089, -0.3154, -0.3219, -0.3284, -0.3349, -0.3414, -0.3479, -0.3544, -0.361, -0.3675, -0.374, -0.3805, -0.387, -0.3935, -0.4, -0.4065, -0.413, -0.4196, -0.4261, -0.4326, -0.4391, -0.4456, -0.4521, -0.4586, -0.4651, -0.4717, -0.4782, -0.4847, -0.4912, -0.4977, -0.5042, -0.5107]"
2026-04-01,amazon india,Declining,-0.0995,"[-0.2425, -0.2724, -0.3022, -0.3321, -0.3619, -0.3918, -0.4216]","[-0.2425, -0.2724, -0.3022, -0.3321, -0.3619, -0.3918, -0.4216, -0.4515, -0.4814, -0.5112, -0.5411, -0.5709, -0.6008, -0.6306, -0.6605, -0.6904, -0.7202, -0.7501, -0.7799, -0.8098, -0.8396, -0.8695, -0.8994, -0.9292, -0.9591, -0.9889, -1.0, -1.0, -1.0, -1.0]","[-0.2425, -0.2724, -0.3022, -0.3321, -0.3619, -0.3918, -0.4216, -0.4515, -0.4814, -0.5112, -0.5411, -0.5709, -0.6008, -0.6306, -0.6605, -0.6904, -0.7202, -0.7501, -0.7799, -0.8098, -0.8396, -0.8695, -0.8994, -0.9292, -0.9591, -0.9889, -1.0, -1.0, -1.0, -1.0, -1.0, -1.0, -1.0, -1.0, -1.0, -1.0, -1.0, -1.0, -1.0, -1.0, -1.0, -1.0, -1.0, -1.0, -1.0, -1.0, -1.0, -1.0, -1.0, -1.0, -1.0, -1.0, -1.0, -1.0, -1.0, -1.0, -1.0, -1.0, -1.0, -1.0, -1.0, -1.0, -1.0, -1.0, -1.0, -1.0, -1.0, -1.0, -1.0, -1.0, -1.0, -1.0, -1.0, -1.0, -1.0, -1.0, -1.0, -1.0, -1.0, -1.0, -1.0, -1.0, -1.0, -1.0, -1.0, -1.0, -1.0, -1.0, -1.0, -1.0]"
2026-04-01,myntra,Declining,-0.15,"[-0.355, -0.4, -0.445, -0.49, -0.535, -0.58, -0.625]","[-0.355, -0.4, -0.445, -0.49, -0.535, -0.58, -0.625, -0.67, -0.715, -0.76, -0.805, -0.85, -0.895, -0.94, -0.985, -1.0, -1.0, -1.0, -1.0, -1.0, -1.0, -1.0, -1.0, -1.0, -1.0, -1.0, -1.0, -1.0, -1.0, -1.0]","[-0.355, -0.4, -0.445, -0.49, -0.535, -0.58, -0.625, -0.67, -0.715, -0.76, -0.805, -0.85, -0.895, -0.94, -0.985, -1.0, -1.0, -1.0, -1.0, -1.0, -1.0, -1.0, -1.0, -1.0, -1.0, -1.0, -1.0, -1.0, -1.0, -1.0, -1.0, -1.0, -1.0, -1.0, -1.0, -1.0, -1.0, -1.0, -1.0, -1.0, -1.0, -1.0, -1.0, -1.0, -1.0, -1.0, -1.0, -1.0, -1.0, -1.0, -1.0, -1.0, -1.0, -1.0, -1.0, -1.0, -1.0, -1.0, -1.0, -1.0, -1.0, -1.0, -1.0, -1.0, -1.0, -1.0, -1.0, -1.0, -1.0, -1.0, -1.0, -1.0, -1.0, -1.0, -1.0, -1.0, -1.0, -1.0, -1.0, -1.0, -1.0, -1.0, -1.0, -1.0, -1.0, -1.0, -1.0, -1.0, -1.0, -1.0]"
2026-04-01,snapdeal,Declining,-0.5,"[0.16, 0.01, -0.14, -0.29, -0.44, -0.59, -0.74]","[0.16, 0.01, -0.14, -0.29, -0.44, -0.59, -0.74, -0.89, -1.0, -1.0, -1.0, -1.0, -1.0, -1.0, -1.0, -1.0, -1.0, -1.0, -1.0, -1.0, -1.0, -1.0, -1.0, -1.0, -1.0, -1.0, -1.0, -1.0, -1.0, -1.0]","[0.16, 0.01, -0.14, -0.29, -0.44, -0.59, -0.74, -0.89, -1.0, -1.0, -1.0, -1.0, -1.0, -1.0, -1.0, -1.0, -1.0, -1.0, -1.0, -1.0, -1.0, -1.0, -1.0, -1.0, -1.0, -1.0, -1.0, -1.0, -1.0, -1.0, -1.0, -1.0, -1.0, -1.0, -1.0, -1.0, -1.0, -1.0, -1.0, -1.0, -1.0, -1.0, -1.0, -1.0, -1.0, -1.0, -1.0, -1.0, -1.0, -1.0, -1.0, -1.0, -1.0, -1.0, -1.0, -1.0, -1.0, -1.0, -1.0, -1.0, -1.0, -1.0, -1.0, -1.0, -1.0, -1.0, -1.0, -1.0, -1.0, -1.0, -1.0, -1.0, -1.0, -1.0, -1.0, -1.0, -1.0, -1.0, -1.0, -1.0, -1.0, -1.0, -1.0, -1.0, -1.0, -1.0, -1.0, -1.0, -1.0, -1.0]"
2026-04-01,meesho,Improving,0.0992,"[0.4567, 0.4864, 0.5162, 0.546, 0.5757, 0.6055, 0.6352]","[0.4567, 0.4864, 0.5162, 0.546, 0.5757, 0.6055, 0.6352, 0.665, 0.6948, 0.7245, 0.7543, 0.784, 0.8138, 0.8436, 0.8733, 0.9031, 0.9329, 0.9626, 0.9924, 1.0, 1.0, 1.0, 1.0, 1.0, 1.0, 1.0, 1.0, 1.0, 1.0, 1.0]","[0.4567, 0.4864, 0.5162, 0.546, 0.5757, 0.6055, 0.6352, 0.665, 0.6948, 0.7245, 0.7543, 0.784, 0.8138, 0.8436, 0.8733, 0.9031, 0.9329, 0.9626, 0.9924, 1.0, 1.0, 1.0, 1.0, 1.0, 1.0, 1.0, 1.0, 1.0, 1.0, 1.0, 1.0, 1.0, 1.0, 1.0, 1.0, 1.0, 1.0, 1.0, 1.0, 1.0, 1.0, 1.0, 1.0, 1.0, 1.0, 1.0, 1.0, 1.0, 1.0, 1.0, 1.0, 1.0, 1.0, 1.0, 1.0, 1.0, 1.0, 1.0, 1.0, 1.0, 1.0, 1.0, 1.0, 1.0, 1.0, 1.0, 1.0, 1.0, 1.0, 1.0, 1.0, 1.0, 1.0, 1.0, 1.0, 1.0, 1.0, 1.0, 1.0, 1.0, 1.0, 1.0, 1.0, 1.0, 1.0, 1.0, 1.0, 1.0, 1.0, 1.0]"
2026-04-01,ajio,Declining,-0.5,"[0.16, 0.01, -0.14, -0.29, -0.44, -0.59, -0.74]","[0.16, 0.01, -0.14, -0.29, -0.44, -0.59, -0.74, -0.89, -1.0, -1.0, -1.0, -1.0, -1.0, -1.0, -1.0, -1.0, -1.0, -1.0, -1.0, -1.0, -1.0, -1.0, -1.0, -1.0, -1.0, -1.0, -1.0, -1.0, -1.0, -1.0]","[0.16, 0.01, -0.14, -0.29, -0.44, -0.59, -0.74, -0.89, -1.0, -1.0, -1.0, -1.0, -1.0, -1.0, -1.0, -1.0, -1.0, -1.0, -1.0, -1.0, -1.0, -1.0, -1.0, -1.0, -1.0, -1.0, -1.0, -1.0, -1.0, -1.0, -1.0, -1.0, -1.0, -1.0, -1.0, -1.0, -1.0, -1.0, -1.0, -1.0, -1.0, -1.0, -1.0, -1.0, -1.0, -1.0, -1.0, -1.0, -1.0, -1.0, -1.0, -1.0, -1.0, -1.0, -1.0, -1.0, -1.0, -1.0, -1.0, -1.0, -1.0, -1.0, -1.0, -1.0, -1.0, -1.0, -1.0, -1.0, -1.0, -1.0, -1.0, -1.0, -1.0, -1.0, -1.0, -1.0, -1.0, -1.0, -1.0, -1.0, -1.0, -1.0, -1.0, -1.0, -1.0, -1.0, -1.0, -1.0, -1.0, -1.0]"
2026-04-01,bigbasket,Declining,-0.15,"[-0.78, -0.825, -0.87, -0.915, -0.96, -1.0, -1.0]","[-0.78, -0.825, -0.87, -0.915, -0.96, -1.0, -1.0, -1.0, -1.0, -1.0, -1.0, -1.0, -1.0, -1.0, -1.0, -1.0, -1.0, -1.0, -1.0, -1.0, -1.0, -1.0, -1.0, -1.0, -1.0, -1.0, -1.0, -1.0, -1.0, -1.0]","[-0.78, -0.825, -0.87, -0.915, -0.96, -1.0, -1.0, -1.0, -1.0, -1.0, -1.0, -1.0, -1.0, -1.0, -1.0, -1.0, -1.0, -1.0, -1.0, -1.0, -1.0, -1.0, -1.0, -1.0, -1.0, -1.0, -1.0, -1.0, -1.0, -1.0, -1.0, -1.0, -1.0, -1.0, -1.0, -1.0, -1.0, -1.0, -1.0, -1.0, -1.0, -1.0, -1.0, -1.0, -1.0, -1.0, -1.0, -1.0, -1.0, -1.0, -1.0, -1.0, -1.0, -1.0, -1.0, -1.0, -1.0, -1.0, -1.0, -1.0, -1.0, -1.0, -1.0, -1.0, -1.0, -1.0, -1.0, -1.0, -1.0, -1.0, -1.0, -1.0, -1.0, -1.0, -1.0, -1.0, -1.0, -1.0, -1.0, -1.0, -1.0, -1.0, -1.0, -1.0, -1.0, -1.0, -1.0, -1.0, -1.0, -1.0]"
2026-04-01,nykaa,Stable,-0.0,"[0.68, 0.68, 0.68, 0.68, 0.68, 0.68, 0.68]","[0.68, 0.68, 0.68, 0.68, 0.68, 0.68, 0.68, 0.68, 0.68, 0.68, 0.68, 0.68, 0.68, 0.68, 0.68, 0.68, 0.68, 0.68, 0.68, 0.68, 0.68, 0.68, 0.68, 0.68, 0.68, 0.68, 0.68, 0.68, 0.68, 0.68]","[0.68, 0.68, 0.68, 0.68, 0.68, 0.68, 0.68, 0.68, 0.68, 0.68, 0.68, 0.68, 0.68, 0.68, 0.68, 0.68, 0.68, 0.68, 0.68, 0.68, 0.68, 0.68, 0.68, 0.68, 0.68, 0.68, 0.68, 0.68, 0.68, 0.68, 0.68, 0.68, 0.68, 0.68, 0.68, 0.68, 0.68, 0.68, 0.68, 0.68, 0.68, 0.68, 0.68, 0.68, 0.68, 0.68, 0.68, 0.68, 0.68, 0.68, 0.68, 0.68, 0.68, 0.68, 0.68, 0.68, 0.68, 0.68, 0.68, 0.68, 0.68, 0.68, 0.68, 0.68, 0.68, 0.68, 0.68, 0.68, 0.68, 0.68, 0.68, 0.68, 0.68, 0.68, 0.68, 0.68, 0.68, 0.68, 0.68, 0.68, 0.68, 0.68, 0.68, 0.68, 0.68, 0.68, 0.68, 0.68, 0.68, 0.68]"
2026-04-01,reliance digital,Improving,0.0827,"[0.3181, 0.3429, 0.3677, 0.3925, 0.4173, 0.4421, 0.4669]","[0.3181, 0.3429, 0.3677, 0.3925, 0.4173, 0.4421, 0.4669, 0.4917, 0.5165, 0.5413, 0.5661, 0.5909, 0.6157, 0.6405, 0.6653, 0.6901, 0.7149, 0.7397, 0.7645, 0.7893, 0.8141, 0.8389, 0.8637, 0.8884, 0.9132, 0.938, 0.9628, 0.9876, 1.0, 1.0]","[0.3181, 0.3429, 0.3677, 0.3925, 0.4173, 0.4421, 0.4669, 0.4917, 0.5165, 0.5413, 0.5661, 0.5909, 0.6157, 0.6405, 0.6653, 0.6901, 0.7149, 0.7397, 0.7645, 0.7893, 0.8141, 0.8389, 0.8637, 0.8884, 0.9132, 0.938, 0.9628, 0.9876, 1.0, 1.0, 1.0, 1.0, 1.0, 1.0, 1.0, 1.0, 1.0, 1.0, 1.0, 1.0, 1.0, 1.0, 1.0, 1.0, 1.0, 1.0, 1.0, 1.0, 1.0, 1.0, 1.0, 1.0, 1.0, 1.0, 1.0, 1.0, 1.0, 1.0, 1.0, 1.0, 1.0, 1.0, 1.0, 1.0, 1.0, 1.0, 1.0, 1.0, 1.0, 1.0, 1.0, 1.0, 1.0, 1.0, 1.0, 1.0, 1.0, 1.0, 1.0, 1.0, 1.0, 1.0, 1.0, 1.0, 1.0, 1.0, 1.0, 1.0, 1.0, 1.0]"
2026-04-01,zepto,Declining,-0.2,"[0.24, 0.18, 0.12, 0.06, 0.0, -0.06, -0.12]","[0.24, 0.18, 0.12, 0.06, 0.0, -0.06, -0.12, -0.18, -0.24, -0.3, -0.36, -0.42, -0.48, -0.54, -0.6, -0.66, -0.72, -0.78, -0.84, -0.9, -0.96, -1.0, -1.0, -1.0, -1.0, -1.0, -1.0, -1.0, -1.0, -1.0]","[0.24, 0.18, 0.12, 0.06, 0.0, -0.06, -0.12, -0.18, -0.24, -0.3, -0.36, -0.42, -0.48, -0.54, -0.6, -0.66, -0.72, -0.78, -0.84, -0.9, -0.96, -1.0, -1.0, -1.0, -1.0, -1.0, -1.0, -1.0, -1.0, -1.0, -1.0, -1.0, -1.0, -1.0, -1.0, -1.0, -1.0, -1.0, -1.0, -1.0, -1.0, -1.0, -1.0, -1.0, -1.0, -1.0, -1.0, -1.0, -1.0, -1.0, -1.0, -1.0, -1.0, -1.0, -1.0, -1.0, -1.0, -1.0, -1.0, -1.0, -1.0, -1.0, -1.0, -1.0, -1.0, -1.0, -1.0, -1.0, -1.0, -1.0, -1.0, -1.0, -1.0, -1.0, -1.0, -1.0, -1.0, -1.0, -1.0, -1.0, -1.0, -1.0, -1.0, -1.0, -1.0, -1.0, -1.0, -1.0, -1.0, -1.0]"
2026-04-01,blinkit,Declining,-0.0429,"[-0.185, -0.1979, -0.2107, -0.2236, -0.2364, -0.2493, -0.2621]","[-0.185, -0.1979, -0.2107, -0.2236, -0.2364, -0.2493, -0.2621, -0.275, -0.2879, -0.3007, -0.3136, -0.3264, -0.3393, -0.3521, -0.365, -0.3779, -0.3907, -0.4036, -0.4164, -0.4293, -0.4421, -0.455, -0.4679, -0.4807, -0.4936, -0.5064, -0.5193, -0.5321, -0.545, -0.5579]","[-0.185, -0.1979, -0.2107, -0.2236, -0.2364, -0.2493, -0.2621, -0.275, -0.2879, -0.3007, -0.3136, -0.3264, -0.3393, -0.3521, -0.365, -0.3779, -0.3907, -0.4036, -0.4164, -0.4293, -0.4421, -0.455, -0.4679, -0.4807, -0.4936, -0.5064, -0.5193, -0.5321, -0.545, -0.5579, -0.5707, -0.5836, -0.5964, -0.6093, -0.6221, -0.635, -0.6479, -0.6607, -0.6736, -0.6864, -0.6993, -0.7121, -0.725, -0.7379, -0.7507, -0.7636, -0.7764, -0.7893, -0.8021, -0.815, -0.8279, -0.8407, -0.8536, -0.8664, -0.8793, -0.8921, -0.905, -0.9179, -0.9307, -0.9436, -0.9564, -0.9693, -0.9821, -0.995, -1.0, -1.0, -1.0, -1.0, -1.0, -1.0, -1.0, -1.0, -1.0, -1.0, -1.0, -1.0, -1.0, -1.0, -1.0, -1.0, -1.0, -1.0, -1.0, -1.0, -1.0, -1.0, -1.0, -1.0, -1.0, -1.0]"
2026-04-01,zomato,Declining,-0.125,"[-0.42, -0.4575, -0.495, -0.5325, -0.57, -0.6075, -0.645]","[-0.42, -0.4575, -0.495, -0.5325, -0.57, -0.6075, -0.645, -0.6825, -0.72, -0.7575, -0.795, -0.8325, -0.87, -0.9075, -0.945, -0.9825, -1.0, -1.0, -1.0, -1.0, -1.0, -1.0, -1.0, -1.0, -1.0, -1.0, -1.0, -1.0, -1.0, -1.0]","[-0.42, -0.4575, -0.495, -0.5325, -0.57, -0.6075, -0.645, -0.6825, -0.72, -0.7575, -0.795, -0.8325, -0.87, -0.9075, -0.945, -0.9825, -1.0, -1.0, -1.0, -1.0, -1.0, -1.0, -1.0, -1.0, -1.0, -1.0, -1.0, -1.0, -1.0, -1.0, -1.0, -1.0, -1.0, -1.0, -1.0, -1.0, -1.0, -1.0, -1.0, -1.0, -1.0, -1.0, -1.0, -1.0, -1.0, -1.0, -1.0, -1.0, -1.0, -1.0, -1.0, -1.0, -1.0, -1.0, -1.0, -1.0, -1.0, -1.0, -1.0, -1.0, -1.0, -1.0, -1.0, -1.0, -1.0, -1.0, -1.0, -1.0, -1.0, -1.0, -1.0, -1.0, -1.0, -1.0, -1.0, -1.0, -1.0, -1.0, -1.0, -1.0, -1.0, -1.0, -1.0, -1.0, -1.0, -1.0, -1.0, -1.0, -1.0, -1.0]"
2026-04-01,swiggy,Declining,-0.3333,"[0.0867, -0.0133, -0.1133, -0.2133, -0.3133, -0.4133, -0.5133]","[0.0867, -0.0133, -0.1133, -0.2133, -0.3133, -0.4133, -0.5133, -0.6133, -0.7133, -0.8133, -0.9133, -1.0, -1.0, -1.0, -1.0, -1.0, -1.0, -1.0, -1.0, -1.0, -1.0, -1.0, -1.0, -1.0, -1.0, -1.0, -1.0, -1.0, -1.0, -1.0]","[0.0867, -0.0133, -0.1133, -0.2133, -0.3133, -0.4133, -0.5133, -0.6133, -0.7133, -0.8133, -0.9133, -1.0, -1.0, -1.0, -1.0, -1.0, -1.0, -1.0, -1.0, -1.0, -1.0, -1.0, -1.0, -1.0, -1.0, -1.0, -1.0, -1.0, -1.0, -1.0, -1.0, -1.0, -1.0, -1.0, -1.0, -1.0, -1.0, -1.0, -1.0, -1.0, -1.0, -1.0, -1.0, -1.0, -1.0, -1.0, -1.0, -1.0, -1.0, -1.0, -1.0, -1.0, -1.0, -1.0, -1.0, -1.0, -1.0, -1.0, -1.0, -1.0, -1.0, -1.0, -1.0, -1.0, -1.0, -1.0, -1.0, -1.0, -1.0, -1.0, -1.0, -1.0, -1.0, -1.0, -1.0, -1.0, -1.0, -1.0, -1.0, -1.0, -1.0, -1.0, -1.0, -1.0, -1.0, -1.0, -1.0, -1.0, -1.0, -1.0]"
2026-04-01,firstcry,Declining,-0.2,"[0.01, -0.05, -0.11, -0.17, -0.23, -0.29, -0.35]","[0.01, -0.05, -0.11, -0.17, -0.23, -0.29, -0.35, -0.41, -0.47, -0.53, -0.59, -0.65, -0.71, -0.77, -0.83, -0.89, -0.95, -1.0, -1.0, -1.0, -1.0, -1.0, -1.0, -1.0, -1.0, -1.0, -1.0, -1.0, -1.0, -1.0]","[0.01, -0.05, -0.11, -0.17, -0.23, -0.29, -0.35, -0.41, -0.47, -0.53, -0.59, -0.65, -0.71, -0.77, -0.83, -0.89, -0.95, -1.0, -1.0, -1.0, -1.0, -1.0, -1.0, -1.0, -1.0, -1.0, -1.0, -1.0, -1.0, -1.0, -1.0, -1.0, -1.0, -1.0, -1.0, -1.0, -1.0, -1.0, -1.0, -1.0, -1.0, -1.0, -1.0, -1.0, -1.0, -1.0, -1.0, -1.0, -1.0, -1.0, -1.0, -1.0, -1.0, -1.0, -1.0, -1.0, -1.0, -1.0, -1.0, -1.0, -1.0, -1.0, -1.0, -1.0, -1.0, -1.0, -1.0, -1.0, -1.0, -1.0, -1.0, -1.0, -1.0, -1.0, -1.0, -1.0, -1.0, -1.0, -1.0, -1.0, -1.0, -1.0, -1.0, -1.0, -1.0, -1.0, -1.0, -1.0, -1.0, -1.0]"
2026-04-01,lenskart,Declining,-0.1,"[-0.02, -0.05, -0.08, -0.11, -0.14, -0.17, -0.2]","[-0.02, -0.05, -0.08, -0.11, -0.14, -0.17, -0.2, -0.23, -0.26, -0.29, -0.32, -0.35, -0.38, -0.41, -0.44, -0.47, -0.5, -0.53, -0.56, -0.59, -0.62, -0.65, -0.68, -0.71, -0.74, -0.77, -0.8, -0.83, -0.86, -0.89]","[-0.02, -0.05, -0.08, -0.11, -0.14, -0.17, -0.2, -0.23, -0.26, -0.29, -0.32, -0.35, -0.38, -0.41, -0.44, -0.47, -0.5, -0.53, -0.56, -0.59, -0.62, -0.65, -0.68, -0.71, -0.74, -0.77, -0.8, -0.83, -0.86, -0.89, -0.92, -0.95, -0.98, -1.0, -1.0, -1.0, -1.0, -1.0, -1.0, -1.0, -1.0, -1.0, -1.0, -1.0, -1.0, -1.0, -1.0, -1.0, -1.0, -1.0, -1.0, -1.0, -1.0, -1.0, -1.0, -1.0, -1.0, -1.0, -1.0, -1.0, -1.0, -1.0, -1.0, -1.0, -1.0, -1.0, -1.0, -1.0, -1.0, -1.0, -1.0, -1.0, -1.0, -1.0, -1.0, -1.0, -1.0, -1.0, -1.0, -1.0, -1.0, -1.0, -1.0, -1.0, -1.0, -1.0, -1.0, -1.0, -1.0, -1.0]"
2026-04-01,tata 1mg,Improving,0.15,"[0.875, 0.92, 0.965, 1.0, 1.0, 1.0, 1.0]","[0.875, 0.92, 0.965, 1.0, 1.0, 1.0, 1.0, 1.0, 1.0, 1.0, 1.0, 1.0, 1.0, 1.0, 1.0, 1.0, 1.0, 1.0, 1.0, 1.0, 1.0, 1.0, 1.0, 1.0, 1.0, 1.0, 1.0, 1.0, 1.0, 1.0]","[0.875, 0.92, 0.965, 1.0, 1.0, 1.0, 1.0, 1.0, 1.0, 1.0, 1.0, 1.0, 1.0, 1.0, 1.0, 1.0, 1.0, 1.0, 1.0, 1.0, 1.0, 1.0, 1.0, 1.0, 1.0, 1.0, 1.0, 1.0, 1.0, 1.0, 1.0, 1.0, 1.0, 1.0, 1.0, 1.0, 1.0, 1.0, 1.0, 1.0, 1.0, 1.0, 1.0, 1.0, 1.0, 1.0, 1.0, 1.0, 1.0, 1.0, 1.0, 1.0, 1.0, 1.0, 1.0, 1.0, 1.0, 1.0, 1.0, 1.0, 1.0, 1.0, 1.0, 1.0, 1.0, 1.0, 1.0, 1.0, 1.0, 1.0, 1.0, 1.0, 1.0, 1.0, 1.0, 1.0, 1.0, 1.0, 1.0, 1.0, 1.0, 1.0, 1.0, 1.0, 1.0, 1.0, 1.0, 1.0, 1.0, 1.0]"
2026-04-01,delhivery,Declining,-0.3,"[-0.21, -0.3, -0.39, -0.48, -0.57, -0.66, -0.75]","[-0.21, -0.3, -0.39, -0.48, -0.57, -0.66, -0.75, -0.84, -0.93, -1.0, -1.0, -1.0, -1.0, -1.0, -1.0, -1.0, -1.0, -1.0, -1.0, -1.0, -1.0, -1.0, -1.0, -1.0, -1.0, -1.0, -1.0, -1.0, -1.0, -1.0]","[-0.21, -0.3, -0.39, -0.48, -0.57, -0.66, -0.75, -0.84, -0.93, -1.0, -1.0, -1.0, -1.0, -1.0, -1.0, -1.0, -1.0, -1.0, -1.0, -1.0, -1.0, -1.0, -1.0, -1.0, -1.0, -1.0, -1.0, -1.0, -1.0, -1.0, -1.0, -1.0, -1.0, -1.0, -1.0, -1.0, -1.0, -1.0, -1.0, -1.0, -1.0, -1.0, -1.0, -1.0, -1.0, -1.0, -1.0, -1.0, -1.0, -1.0, -1.0, -1.0, -1.0, -1.0, -1.0, -1.0, -1.0, -1.0, -1.0, -1.0, -1.0, -1.0, -1.0, -1.0, -1.0, -1.0, -1.0, -1.0, -1.0, -1.0, -1.0, -1.0, -1.0, -1.0, -1.0, -1.0, -1.0, -1.0, -1.0, -1.0, -1.0, -1.0, -1.0, -1.0, -1.0, -1.0, -1.0, -1.0, -1.0, -1.0]"
2026-04-01,shiprocket,Improving,0.5,"[0.66, 0.81, 0.96, 1.0, 1.0, 1.0, 1.0]","[0.66, 0.81, 0.96, 1.0, 1.0, 1.0, 1.0, 1.0, 1.0, 1.0, 1.0, 1.0, 1.0, 1.0, 1.0, 1.0, 1.0, 1.0, 1.0, 1.0, 1.0, 1.0, 1.0, 1.0, 1.0, 1.0, 1.0, 1.0, 1.0, 1.0]","[0.66, 0.81, 0.96, 1.0, 1.0, 1.0, 1.0, 1.0, 1.0, 1.0, 1.0, 1.0, 1.0, 1.0, 1.0, 1.0, 1.0, 1.0, 1.0, 1.0, 1.0, 1.0, 1.0, 1.0, 1.0, 1.0, 1.0, 1.0, 1.0, 1.0, 1.0, 1.0, 1.0, 1.0, 1.0, 1.0, 1.0, 1.0, 1.0, 1.0, 1.0, 1.0, 1.0, 1.0, 1.0, 1.0, 1.0, 1.0, 1.0, 1.0, 1.0, 1.0, 1.0, 1.0, 1.0, 1.0, 1.0, 1.0, 1.0, 1.0, 1.0, 1.0, 1.0, 1.0, 1.0, 1.0, 1.0, 1.0, 1.0, 1.0, 1.0, 1.0, 1.0, 1.0, 1.0, 1.0, 1.0, 1.0, 1.0, 1.0, 1.0, 1.0, 1.0, 1.0, 1.0, 1.0, 1.0, 1.0, 1.0, 1.0]"
2026-04-01,h&m india,Declining,-0.0329,"[0.0, -0.0099, -0.0197, -0.0296, -0.0395, -0.0493, -0.0592]","[0.0, -0.0099, -0.0197, -0.0296, -0.0395, -0.0493, -0.0592, -0.069, -0.0789, -0.0888, -0.0986, -0.1085, -0.1184, -0.1282, -0.1381, -0.148, -0.1578, -0.1677, -0.1776, -0.1874, -0.1973, -0.2071, -0.217, -0.2269, -0.2367, -0.2466, -0.2565, -0.2663, -0.2762, -0.2861]","[0.0, -0.0099, -0.0197, -0.0296, -0.0395, -0.0493, -0.0592, -0.069, -0.0789, -0.0888, -0.0986, -0.1085, -0.1184, -0.1282, -0.1381, -0.148, -0.1578, -0.1677, -0.1776, -0.1874, -0.1973, -0.2071, -0.217, -0.2269, -0.2367, -0.2466, -0.2565, -0.2663, -0.2762, -0.2861, -0.2959, -0.3058, -0.3156, -0.3255, -0.3354, -0.3452, -0.3551, -0.365, -0.3748, -0.3847, -0.3946, -0.4044, -0.4143, -0.4241, -0.434, -0.4439, -0.4537, -0.4636, -0.4735, -0.4833, -0.4932, -0.5031, -0.5129, -0.5228, -0.5327, -0.5425, -0.5524, -0.5622, -0.5721, -0.582, -0.5918, -0.6017, -0.6116, -0.6214, -0.6313, -0.6412, -0.651, -0.6609, -0.6707, -0.6806, -0.6905, -0.7003, -0.7102, -0.7201, -0.7299, -0.7398, -0.7497, -0.7595, -0.7694, -0.7793, -0.7891, -0.799, -0.8088, -0.8187, -0.8286, -0.8384, -0.8483, -0.8582, -0.868, -0.8779]"
2026-04-01,zara india,Declining,-0.15,"[0.335, 0.29, 0.245, 0.2, 0.155, 0.11, 0.065]","[0.335, 0.29, 0.245, 0.2, 0.155, 0.11, 0.065, 0.02, -0.025, -0.07, -0.115, -0.16, -0.205, -0.25, -0.295, -0.34, -0.385, -0.43, -0.475, -0.52, -0.565, -0.61, -0.655, -0.7, -0.745, -0.79, -0.835, -0.88, -0.925, -0.97]","[0.335, 0.29, 0.245, 0.2, 0.155, 0.11, 0.065, 0.02, -0.025, -0.07, -0.115, -0.16, -0.205, -0.25, -0.295, -0.34, -0.385, -0.43, -0.475, -0.52, -0.565, -0.61, -0.655, -0.7, -0.745, -0.79, -0.835, -0.88, -0.925, -0.97, -1.0, -1.0, -1.0, -1.0, -1.0, -1.0, -1.0, -1.0, -1.0, -1.0, -1.0, -1.0, -1.0, -1.0, -1.0, -1.0, -1.0, -1.0, -1.0, -1.0, -1.0, -1.0, -1.0, -1.0, -1.0, -1.0, -1.0, -1.0, -1.0, -1.0, -1.0, -1.0, -1.0, -1.0, -1.0, -1.0, -1.0, -1.0, -1.0, -1.0, -1.0, -1.0, -1.0, -1.0, -1.0, -1.0, -1.0, -1.0, -1.0, -1.0, -1.0, -1.0, -1.0, -1.0, -1.0, -1.0, -1.0, -1.0, -1.0, -1.0]"
2026-04-01,urban company,Improving,0.1083,"[0.7723, 0.8048, 0.8373, 0.8698, 0.9023, 0.9348, 0.9673]","[0.7723, 0.8048, 0.8373, 0.8698, 0.9023, 0.9348, 0.9673, 0.9998, 1.0, 1.0, 1.0, 1.0, 1.0, 1.0, 1.0, 1.0, 1.0, 1.0, 1.0, 1.0, 1.0, 1.0, 1.0, 1.0, 1.0, 1.0, 1.0, 1.0, 1.0, 1.0]","[0.7723, 0.8048, 0.8373, 0.8698, 0.9023, 0.9348, 0.9673, 0.9998, 1.0, 1.0, 1.0, 1.0, 1.0, 1.0, 1.0, 1.0, 1.0, 1.0, 1.0, 1.0, 1.0, 1.0, 1.0, 1.0, 1.0, 1.0, 1.0, 1.0, 1.0, 1.0, 1.0, 1.0, 1.0, 1.0, 1.0, 1.0, 1.0, 1.0, 1.0, 1.0, 1.0, 1.0, 1.0, 1.0, 1.0, 1.0, 1.0, 1.0, 1.0, 1.0, 1.0, 1.0, 1.0, 1.0, 1.0, 1.0, 1.0, 1.0, 1.0, 1.0, 1.0, 1.0, 1.0, 1.0, 1.0, 1.0, 1.0, 1.0, 1.0, 1.0, 1.0, 1.0, 1.0, 1.0, 1.0, 1.0, 1.0, 1.0, 1.0, 1.0, 1.0, 1.0, 1.0, 1.0, 1.0, 1.0, 1.0, 1.0, 1.0, 1.0]"
2026-04-04,flipkart,Stable,-0.0006,"[-0.0575, -0.0577, -0.0578, -0.058, -0.0582, -0.0583, -0.0585]","[-0.0575, -0.0577, -0.0578, -0.058, -0.0582, -0.0583, -0.0585, -0.0587, -0.0589, -0.059, -0.0592, -0.0594, -0.0595, -0.0597, -0.0599, -0.06, -0.0602, -0.0604, -0.0605, -0.0607, -0.0609, -0.061, -0.0612, -0.0614, -0.0616, -0.0617, -0.0619, -0.0621, -0.0622, -0.0624]","[-0.0575, -0.0577, -0.0578, -0.058, -0.0582, -0.0583, -0.0585, -0.0587, -0.0589, -0.059, -0.0592, -0.0594, -0.0595, -0.0597, -0.0599, -0.06, -0.0602, -0.0604, -0.0605, -0.0607, -0.0609, -0.061, -0.0612, -0.0614, -0.0616, -0.0617, -0.0619, -0.0621, -0.0622, -0.0624, -0.0626, -0.0627, -0.0629, -0.0631, -0.0632, -0.0634, -0.0636, -0.0637, -0.0639, -0.0641, -0.0643, -0.0644, -0.0646, -0.0648, -0.0649, -0.0651, -0.0653, -0.0654, -0.0656, -0.0658, -0.0659, -0.0661, -0.0663, -0.0664, -0.0666, -0.0668, -0.067, -0.0671, -0.0673, -0.0675, -0.0676, -0.0678, -0.068, -0.0681, -0.0683, -0.0685, -0.0686, -0.0688, -0.069, -0.0691, -0.0693, -0.0695, -0.0697, -0.0698, -0.07, -0.0702, -0.0703, -0.0705, -0.0707, -0.0708, -0.071, -0.0712, -0.0713, -0.0715, -0.0717, -0.0719, -0.072, -0.0722, -0.0724, -0.0725]"
2026-04-04,amazon india,Declining,-0.0756,"[-0.1407, -0.1633, -0.186, -0.2087, -0.2314, -0.2541, -0.2767]","[-0.1407, -0.1633, -0.186, -0.2087, -0.2314, -0.2541, -0.2767, -0.2994, -0.3221, -0.3448, -0.3675, -0.3901, -0.4128, -0.4355, -0.4582, -0.4808, -0.5035, -0.5262, -0.5489, -0.5716, -0.5942, -0.6169, -0.6396, -0.6623, -0.685, -0.7076, -0.7303, -0.753, -0.7757, -0.7983]","[-0.1407, -0.1633, -0.186, -0.2087, -0.2314, -0.2541, -0.2767, -0.2994, -0.3221, -0.3448, -0.3675, -0.3901, -0.4128, -0.4355, -0.4582, -0.4808, -0.5035, -0.5262, -0.5489, -0.5716, -0.5942, -0.6169, -0.6396, -0.6623, -0.685, -0.7076, -0.7303, -0.753, -0.7757, -0.7983, -0.821, -0.8437, -0.8664, -0.8891, -0.9117, -0.9344, -0.9571, -0.9798, -1.0, -1.0, -1.0, -1.0, -1.0, -1.0, -1.0, -1.0, -1.0, -1.0, -1.0, -1.0, -1.0, -1.0, -1.0, -1.0, -1.0, -1.0, -1.0, -1.0, -1.0, -1.0, -1.0, -1.0, -1.0, -1.0, -1.0, -1.0, -1.0, -1.0, -1.0, -1.0, -1.0, -1.0, -1.0, -1.0, -1.0, -1.0, -1.0, -1.0, -1.0, -1.0, -1.0, -1.0, -1.0, -1.0, -1.0, -1.0, -1.0, -1.0, -1.0, -1.0]"
2026-04-04,myntra,Declining,-0.05,"[-0.06, -0.075, -0.09, -0.105, -0.12, -0.135, -0.15]","[-0.06, -0.075, -0.09, -0.105, -0.12, -0.135, -0.15, -0.165, -0.18, -0.195, -0.21, -0.225, -0.24, -0.255, -0.27, -0.285, -0.3, -0.315, -0.33, -0.345, -0.36, -0.375, -0.39, -0.405, -0.42, -0.435, -0.45, -0.465, -0.48, -0.495]","[-0.06, -0.075, -0.09, -0.105, -0.12, -0.135, -0.15, -0.165, -0.18, -0.195, -0.21, -0.225, -0.24, -0.255, -0.27, -0.285, -0.3, -0.315, -0.33, -0.345, -0.36, -0.375, -0.39, -0.405, -0.42, -0.435, -0.45, -0.465, -0.48, -0.495, -0.51, -0.525, -0.54, -0.555, -0.57, -0.585, -0.6, -0.615, -0.63, -0.645, -0.66, -0.675, -0.69, -0.705, -0.72, -0.735, -0.75, -0.765, -0.78, -0.795, -0.81, -0.825, -0.84, -0.855, -0.87, -0.885, -0.9, -0.915, -0.93, -0.945, -0.96, -0.975, -0.99, -1.0, -1.0, -1.0, -1.0, -1.0, -1.0, -1.0, -1.0, -1.0, -1.0, -1.0, -1.0, -1.0, -1.0, -1.0, -1.0, -1.0, -1.0, -1.0, -1.0, -1.0, -1.0, -1.0, -1.0, -1.0, -1.0, -1.0]"
2026-04-04,snapdeal,Declining,-0.5,"[0.16, 0.01, -0.14, -0.29, -0.44, -0.59, -0.74]","[0.16, 0.01, -0.14, -0.29, -0.44, -0.59, -0.74, -0.89, -1.0, -1.0, -1.0, -1.0, -1.0, -1.0, -1.0, -1.0, -1.0, -1.0, -1.0, -1.0, -1.0, -1.0, -1.0, -1.0, -1.0, -1.0, -1.0, -1.0, -1.0, -1.0]","[0.16, 0.01, -0.14, -0.29, -0.44, -0.59, -0.74, -0.89, -1.0, -1.0, -1.0, -1.0, -1.0, -1.0, -1.0, -1.0, -1.0, -1.0, -1.0, -1.0, -1.0, -1.0, -1.0, -1.0, -1.0, -1.0, -1.0, -1.0, -1.0, -1.0, -1.0, -1.0, -1.0, -1.0, -1.0, -1.0, -1.0, -1.0, -1.0, -1.0, -1.0, -1.0, -1.0, -1.0, -1.0, -1.0, -1.0, -1.0, -1.0, -1.0, -1.0, -1.0, -1.0, -1.0, -1.0, -1.0, -1.0, -1.0, -1.0, -1.0, -1.0, -1.0, -1.0, -1.0, -1.0, -1.0, -1.0, -1.0, -1.0, -1.0, -1.0, -1.0, -1.0, -1.0, -1.0, -1.0, -1.0, -1.0, -1.0, -1.0, -1.0, -1.0, -1.0, -1.0, -1.0, -1.0, -1.0, -1.0, -1.0, -1.0]"
2026-04-04,meesho,Improving,0.075,"[0.2425, 0.265, 0.2875, 0.31, 0.3325, 0.355, 0.3775]","[0.2425, 0.265, 0.2875, 0.31, 0.3325, 0.355, 0.3775, 0.4, 0.4225, 0.445, 0.4675, 0.49, 0.5125, 0.535, 0.5575, 0.58, 0.6025, 0.625, 0.6475, 0.67, 0.6925, 0.715, 0.7375, 0.76, 0.7825, 0.805, 0.8275, 0.85, 0.8725, 0.895]","[0.2425, 0.265, 0.2875, 0.31, 0.3325, 0.355, 0.3775, 0.4, 0.4225, 0.445, 0.4675, 0.49, 0.5125, 0.535, 0.5575, 0.58, 0.6025, 0.625, 0.6475, 0.67, 0.6925, 0.715, 0.7375, 0.76, 0.7825, 0.805, 0.8275, 0.85, 0.8725, 0.895, 0.9175, 0.94, 0.9625, 0.985, 1.0, 1.0, 1.0, 1.0, 1.0, 1.0, 1.0, 1.0, 1.0, 1.0, 1.0, 1.0, 1.0, 1.0, 1.0, 1.0, 1.0, 1.0, 1.0, 1.0, 1.0, 1.0, 1.0, 1.0, 1.0, 1.0, 1.0, 1.0, 1.0, 1.0, 1.0, 1.0, 1.0, 1.0, 1.0, 1.0, 1.0, 1.0, 1.0, 1.0, 1.0, 1.0, 1.0, 1.0, 1.0, 1.0, 1.0, 1.0, 1.0, 1.0, 1.0, 1.0, 1.0, 1.0, 1.0, 1.0]"
2026-04-04,ajio,Declining,-0.5,"[0.16, 0.01, -0.14, -0.29, -0.44, -0.59, -0.74]","[0.16, 0.01, -0.14, -0.29, -0.44, -0.59, -0.74, -0.89, -1.0, -1.0, -1.0, -1.0, -1.0, -1.0, -1.0, -1.0, -1.0, -1.0, -1.0, -1.0, -1.0, -1.0, -1.0, -1.0, -1.0, -1.0, -1.0, -1.0, -1.0, -1.0]","[0.16, 0.01, -0.14, -0.29, -0.44, -0.59, -0.74, -0.89, -1.0, -1.0, -1.0, -1.0, -1.0, -1.0, -1.0, -1.0, -1.0, -1.0, -1.0, -1.0, -1.0, -1.0, -1.0, -1.0, -1.0, -1.0, -1.0, -1.0, -1.0, -1.0, -1.0, -1.0, -1.0, -1.0, -1.0, -1.0, -1.0, -1.0, -1.0, -1.0, -1.0, -1.0, -1.0, -1.0, -1.0, -1.0, -1.0, -1.0, -1.0, -1.0, -1.0, -1.0, -1.0, -1.0, -1.0, -1.0, -1.0, -1.0, -1.0, -1.0, -1.0, -1.0, -1.0, -1.0, -1.0, -1.0, -1.0, -1.0, -1.0, -1.0, -1.0, -1.0, -1.0, -1.0, -1.0, -1.0, -1.0, -1.0, -1.0, -1.0, -1.0, -1.0, -1.0, -1.0, -1.0, -1.0, -1.0, -1.0, -1.0, -1.0]"
2026-04-04,bigbasket,Stable,0.0,"[-0.015, -0.015, -0.015, -0.015, -0.015, -0.015, -0.015]","[-0.015, -0.015, -0.015, -0.015, -0.015, -0.015, -0.015, -0.015, -0.015, -0.015, -0.015, -0.015, -0.015, -0.015, -0.015, -0.015, -0.015, -0.015, -0.015, -0.015, -0.015, -0.015, -0.015, -0.015, -0.015, -0.015, -0.015, -0.015, -0.015, -0.015]","[-0.015, -0.015, -0.015, -0.015, -0.015, -0.015, -0.015, -0.015, -0.015, -0.015, -0.015, -0.015, -0.015, -0.015, -0.015, -0.015, -0.015, -0.015, -0.015, -0.015, -0.015, -0.015, -0.015, -0.015, -0.015, -0.015, -0.015, -0.015, -0.015, -0.015, -0.015, -0.015, -0.015, -0.015, -0.015, -0.015, -0.015, -0.015, -0.015, -0.015, -0.015, -0.015, -0.015, -0.015, -0.015, -0.015, -0.015, -0.015, -0.015, -0.015, -0.015, -0.015, -0.015, -0.015, -0.015, -0.015, -0.015, -0.015, -0.015, -0.015, -0.015, -0.015, -0.015, -0.015, -0.015, -0.015, -0.015, -0.015, -0.015, -0.015, -0.015, -0.015, -0.015, -0.015, -0.015, -0.015, -0.015, -0.015, -0.015, -0.015, -0.015, -0.015, -0.015, -0.015, -0.015, -0.015, -0.015, -0.015, -0.015, -0.015]"
2026-04-04,nykaa,Stable,-0.0,"[0.68, 0.68, 0.68, 0.68, 0.68, 0.68, 0.68]","[0.68, 0.68, 0.68, 0.68, 0.68, 0.68, 0.68, 0.68, 0.68, 0.68, 0.68, 0.68, 0.68, 0.68, 0.68, 0.68, 0.68, 0.68, 0.68, 0.68, 0.68, 0.68, 0.68, 0.68, 0.68, 0.68, 0.68, 0.68, 0.68, 0.68]","[0.68, 0.68, 0.68, 0.68, 0.68, 0.68, 0.68, 0.68, 0.68, 0.68, 0.68, 0.68, 0.68, 0.68, 0.68, 0.68, 0.68, 0.68, 0.68, 0.68, 0.68, 0.68, 0.68, 0.68, 0.68, 0.68, 0.68, 0.68, 0.68, 0.68, 0.68, 0.68, 0.68, 0.68, 0.68, 0.68, 0.68, 0.68, 0.68, 0.68, 0.68, 0.68, 0.68, 0.68, 0.68, 0.68, 0.68, 0.68, 0.68, 0.68, 0.68, 0.68, 0.68, 0.68, 0.68, 0.68, 0.68, 0.68, 0.68, 0.68, 0.68, 0.68, 0.68, 0.68, 0.68, 0.68, 0.68, 0.68, 0.68, 0.68, 0.68, 0.68, 0.68, 0.68, 0.68, 0.68, 0.68, 0.68, 0.68, 0.68, 0.68, 0.68, 0.68, 0.68, 0.68, 0.68, 0.68, 0.68, 0.68, 0.68]"
2026-04-04,reliance digital,Improving,0.0909,"[0.713, 0.7403, 0.7675, 0.7948, 0.8221, 0.8494, 0.8766]","[0.713, 0.7403, 0.7675, 0.7948, 0.8221, 0.8494, 0.8766, 0.9039, 0.9312, 0.9584, 0.9857, 1.0, 1.0, 1.0, 1.0, 1.0, 1.0, 1.0, 1.0, 1.0, 1.0, 1.0, 1.0, 1.0, 1.0, 1.0, 1.0, 1.0, 1.0, 1.0]","[0.713, 0.7403, 0.7675, 0.7948, 0.8221, 0.8494, 0.8766, 0.9039, 0.9312, 0.9584, 0.9857, 1.0, 1.0, 1.0, 1.0, 1.0, 1.0, 1.0, 1.0, 1.0, 1.0, 1.0, 1.0, 1.0, 1.0, 1.0, 1.0, 1.0, 1.0, 1.0, 1.0, 1.0, 1.0, 1.0, 1.0, 1.0, 1.0, 1.0, 1.0, 1.0, 1.0, 1.0, 1.0, 1.0, 1.0, 1.0, 1.0, 1.0, 1.0, 1.0, 1.0, 1.0, 1.0, 1.0, 1.0, 1.0, 1.0, 1.0, 1.0, 1.0, 1.0, 1.0, 1.0, 1.0, 1.0, 1.0, 1.0, 1.0, 1.0, 1.0, 1.0, 1.0, 1.0, 1.0, 1.0, 1.0, 1.0, 1.0, 1.0, 1.0, 1.0, 1.0, 1.0, 1.0, 1.0, 1.0, 1.0, 1.0, 1.0, 1.0]"
2026-04-04,zepto,Declining,-0.1714,"[0.05, -0.0014, -0.0529, -0.1043, -0.1557, -0.2071, -0.2586]","[0.05, -0.0014, -0.0529, -0.1043, -0.1557, -0.2071, -0.2586, -0.31, -0.3614, -0.4129, -0.4643, -0.5157, -0.5671, -0.6186, -0.67, -0.7214, -0.7729, -0.8243, -0.8757, -0.9271, -0.9786, -1.0, -1.0, -1.0, -1.0, -1.0, -1.0, -1.0, -1.0, -1.0]","[0.05, -0.0014, -0.0529, -0.1043, -0.1557, -0.2071, -0.2586, -0.31, -0.3614, -0.4129, -0.4643, -0.5157, -0.5671, -0.6186, -0.67, -0.7214, -0.7729, -0.8243, -0.8757, -0.9271, -0.9786, -1.0, -1.0, -1.0, -1.0, -1.0, -1.0, -1.0, -1.0, -1.0, -1.0, -1.0, -1.0, -1.0, -1.0, -1.0, -1.0, -1.0, -1.0, -1.0, -1.0, -1.0, -1.0, -1.0, -1.0, -1.0, -1.0, -1.0, -1.0, -1.0, -1.0, -1.0, -1.0, -1.0, -1.0, -1.0, -1.0, -1.0, -1.0, -1.0, -1.0, -1.0, -1.0, -1.0, -1.0, -1.0, -1.0, -1.0, -1.0, -1.0, -1.0, -1.0, -1.0, -1.0, -1.0, -1.0, -1.0, -1.0, -1.0, -1.0, -1.0, -1.0, -1.0, -1.0, -1.0, -1.0, -1.0, -1.0, -1.0, -1.0]"
2026-04-04,blinkit,Improving,0.1071,"[0.76, 0.7921, 0.8243, 0.8564, 0.8886, 0.9207, 0.9529]","[0.76, 0.7921, 0.8243, 0.8564, 0.8886, 0.9207, 0.9529, 0.985, 1.0, 1.0, 1.0, 1.0, 1.0, 1.0, 1.0, 1.0, 1.0, 1.0, 1.0, 1.0, 1.0, 1.0, 1.0, 1.0, 1.0, 1.0, 1.0, 1.0, 1.0, 1.0]","[0.76, 0.7921, 0.8243, 0.8564, 0.8886, 0.9207, 0.9529, 0.985, 1.0, 1.0, 1.0, 1.0, 1.0, 1.0, 1.0, 1.0, 1.0, 1.0, 1.0, 1.0, 1.0, 1.0, 1.0, 1.0, 1.0, 1.0, 1.0, 1.0, 1.0, 1.0, 1.0, 1.0, 1.0, 1.0, 1.0, 1.0, 1.0, 1.0, 1.0, 1.0, 1.0, 1.0, 1.0, 1.0, 1.0, 1.0, 1.0, 1.0, 1.0, 1.0, 1.0, 1.0, 1.0, 1.0, 1.0, 1.0, 1.0, 1.0, 1.0, 1.0, 1.0, 1.0, 1.0, 1.0, 1.0, 1.0, 1.0, 1.0, 1.0, 1.0, 1.0, 1.0, 1.0, 1.0, 1.0, 1.0, 1.0, 1.0, 1.0, 1.0, 1.0, 1.0, 1.0, 1.0, 1.0, 1.0, 1.0, 1.0, 1.0, 1.0]"
2026-04-04,zomato,Declining,-0.1349,"[-0.5267, -0.5671, -0.6076, -0.6481, -0.6886, -0.729, -0.7695]","[-0.5267, -0.5671, -0.6076, -0.6481, -0.6886, -0.729, -0.7695, -0.81, -0.8505, -0.891, -0.9314, -0.9719, -1.0, -1.0, -1.0, -1.0, -1.0, -1.0, -1.0, -1.0, -1.0, -1.0, -1.0, -1.0, -1.0, -1.0, -1.0, -1.0, -1.0, -1.0]","[-0.5267, -0.5671, -0.6076, -0.6481, -0.6886, -0.729, -0.7695, -0.81, -0.8505, -0.891, -0.9314, -0.9719, -1.0, -1.0, -1.0, -1.0, -1.0, -1.0, -1.0, -1.0, -1.0, -1.0, -1.0, -1.0, -1.0, -1.0, -1.0, -1.0, -1.0, -1.0, -1.0, -1.0, -1.0, -1.0, -1.0, -1.0, -1.0, -1.0, -1.0, -1.0, -1.0, -1.0, -1.0, -1.0, -1.0, -1.0, -1.0, -1.0, -1.0, -1.0, -1.0, -1.0, -1.0, -1.0, -1.0, -1.0, -1.0, -1.0, -1.0, -1.0, -1.0, -1.0, -1.0, -1.0, -1.0, -1.0, -1.0, -1.0, -1.0, -1.0, -1.0, -1.0, -1.0, -1.0, -1.0, -1.0, -1.0, -1.0, -1.0, -1.0, -1.0, -1.0, -1.0, -1.0, -1.0, -1.0, -1.0, -1.0, -1.0, -1.0]"
2026-04-04,swiggy,Improving,0.3,"[0.8533, 0.9433, 1.0, 1.0, 1.0, 1.0, 1.0]","[0.8533, 0.9433, 1.0, 1.0, 1.0, 1.0, 1.0, 1.0, 1.0, 1.0, 1.0, 1.0, 1.0, 1.0, 1.0, 1.0, 1.0, 1.0, 1.0, 1.0, 1.0, 1.0, 1.0, 1.0, 1.0, 1.0, 1.0, 1.0, 1.0, 1.0]","[0.8533, 0.9433, 1.0, 1.0, 1.0, 1.0, 1.0, 1.0, 1.0, 1.0, 1.0, 1.0, 1.0, 1.0, 1.0, 1.0, 1.0, 1.0, 1.0, 1.0, 1.0, 1.0, 1.0, 1.0, 1.0, 1.0, 1.0, 1.0, 1.0, 1.0, 1.0, 1.0, 1.0, 1.0, 1.0, 1.0, 1.0, 1.0, 1.0, 1.0, 1.0, 1.0, 1.0, 1.0, 1.0, 1.0, 1.0, 1.0, 1.0, 1.0, 1.0, 1.0, 1.0, 1.0, 1.0, 1.0, 1.0, 1.0, 1.0, 1.0, 1.0, 1.0, 1.0, 1.0, 1.0, 1.0, 1.0, 1.0, 1.0, 1.0, 1.0, 1.0, 1.0, 1.0, 1.0, 1.0, 1.0, 1.0, 1.0, 1.0, 1.0, 1.0, 1.0, 1.0, 1.0, 1.0, 1.0, 1.0, 1.0, 1.0]"
2026-04-04,firstcry,Improving,0.0357,"[-0.24, -0.2293, -0.2186, -0.2079, -0.1971, -0.1864, -0.1757]","[-0.24, -0.2293, -0.2186, -0.2079, -0.1971, -0.1864, -0.1757, -0.165, -0.1543, -0.1436, -0.1329, -0.1221, -0.1114, -0.1007, -0.09, -0.0793, -0.0686, -0.0579, -0.0471, -0.0364, -0.0257, -0.015, -0.0043, 0.0064, 0.0171, 0.0279, 0.0386, 0.0493, 0.06, 0.0707]","[-0.24, -0.2293, -0.2186, -0.2079, -0.1971, -0.1864, -0.1757, -0.165, -0.1543, -0.1436, -0.1329, -0.1221, -0.1114, -0.1007, -0.09, -0.0793, -0.0686, -0.0579, -0.0471, -0.0364, -0.0257, -0.015, -0.0043, 0.0064, 0.0171, 0.0279, 0.0386, 0.0493, 0.06, 0.0707, 0.0814, 0.0921, 0.1029, 0.1136, 0.1243, 0.135, 0.1457, 0.1564, 0.1671, 0.1779, 0.1886, 0.1993, 0.21, 0.2207, 0.2314, 0.2421, 0.2529, 0.2636, 0.2743, 0.285, 0.2957, 0.3064, 0.3171, 0.3279, 0.3386, 0.3493, 0.36, 0.3707, 0.3814, 0.3921, 0.4029, 0.4136, 0.4243, 0.435, 0.4457, 0.4564, 0.4671, 0.4779, 0.4886, 0.4993, 0.51, 0.5207, 0.5314, 0.5421, 0.5529, 0.5636, 0.5743, 0.585, 0.5957, 0.6064, 0.6171, 0.6279, 0.6386, 0.6493, 0.66, 0.6707, 0.6814, 0.6921, 0.7029, 0.7136]"
2026-04-04,lenskart,Declining,-0.1286,"[-0.345, -0.3836, -0.4221, -0.4607, -0.4993, -0.5379, -0.5764]","[-0.345, -0.3836, -0.4221, -0.4607, -0.4993, -0.5379, -0.5764, -0.615, -0.6536, -0.6921, -0.7307, -0.7693, -0.8079, -0.8464, -0.885, -0.9236, -0.9621, -1.0, -1.0, -1.0, -1.0, -1.0, -1.0, -1.0, -1.0, -1.0, -1.0, -1.0, -1.0, -1.0]","[-0.345, -0.3836, -0.4221, -0.4607, -0.4993, -0.5379, -0.5764, -0.615, -0.6536, -0.6921, -0.7307, -0.7693, -0.8079, -0.8464, -0.885, -0.9236, -0.9621, -1.0, -1.0, -1.0, -1.0, -1.0, -1.0, -1.0, -1.0, -1.0, -1.0, -1.0, -1.0, -1.0, -1.0, -1.0, -1.0, -1.0, -1.0, -1.0, -1.0, -1.0, -1.0, -1.0, -1.0, -1.0, -1.0, -1.0, -1.0, -1.0, -1.0, -1.0, -1.0, -1.0, -1.0, -1.0, -1.0, -1.0, -1.0, -1.0, -1.0, -1.0, -1.0, -1.0, -1.0, -1.0, -1.0, -1.0, -1.0, -1.0, -1.0, -1.0, -1.0, -1.0, -1.0, -1.0, -1.0, -1.0, -1.0, -1.0, -1.0, -1.0, -1.0, -1.0, -1.0, -1.0, -1.0, -1.0, -1.0, -1.0, -1.0, -1.0, -1.0, -1.0]"
2026-04-04,tata 1mg,Improving,0.15,"[0.875, 0.92, 0.965, 1.0, 1.0, 1.0, 1.0]","[0.875, 0.92, 0.965, 1.0, 1.0, 1.0, 1.0, 1.0, 1.0, 1.0, 1.0, 1.0, 1.0, 1.0, 1.0, 1.0, 1.0, 1.0, 1.0, 1.0, 1.0, 1.0, 1.0, 1.0, 1.0, 1.0, 1.0, 1.0, 1.0, 1.0]","[0.875, 0.92, 0.965, 1.0, 1.0, 1.0, 1.0, 1.0, 1.0, 1.0, 1.0, 1.0, 1.0, 1.0, 1.0, 1.0, 1.0, 1.0, 1.0, 1.0, 1.0, 1.0, 1.0, 1.0, 1.0, 1.0, 1.0, 1.0, 1.0, 1.0, 1.0, 1.0, 1.0, 1.0, 1.0, 1.0, 1.0, 1.0, 1.0, 1.0, 1.0, 1.0, 1.0, 1.0, 1.0, 1.0, 1.0, 1.0, 1.0, 1.0, 1.0, 1.0, 1.0, 1.0, 1.0, 1.0, 1.0, 1.0, 1.0, 1.0, 1.0, 1.0, 1.0, 1.0, 1.0, 1.0, 1.0, 1.0, 1.0, 1.0, 1.0, 1.0, 1.0, 1.0, 1.0, 1.0, 1.0, 1.0, 1.0, 1.0, 1.0, 1.0, 1.0, 1.0, 1.0, 1.0, 1.0, 1.0, 1.0, 1.0]"
2026-04-04,delhivery,Improving,0.1,"[0.61, 0.64, 0.67, 0.7, 0.73, 0.76, 0.79]","[0.61, 0.64, 0.67, 0.7, 0.73, 0.76, 0.79, 0.82, 0.85, 0.88, 0.91, 0.94, 0.97, 1.0, 1.0, 1.0, 1.0, 1.0, 1.0, 1.0, 1.0, 1.0, 1.0, 1.0, 1.0, 1.0, 1.0, 1.0, 1.0, 1.0]","[0.61, 0.64, 0.67, 0.7, 0.73, 0.76, 0.79, 0.82, 0.85, 0.88, 0.91, 0.94, 0.97, 1.0, 1.0, 1.0, 1.0, 1.0, 1.0, 1.0, 1.0, 1.0, 1.0, 1.0, 1.0, 1.0, 1.0, 1.0, 1.0, 1.0, 1.0, 1.0, 1.0, 1.0, 1.0, 1.0, 1.0, 1.0, 1.0, 1.0, 1.0, 1.0, 1.0, 1.0, 1.0, 1.0, 1.0, 1.0, 1.0, 1.0, 1.0, 1.0, 1.0, 1.0, 1.0, 1.0, 1.0, 1.0, 1.0, 1.0, 1.0, 1.0, 1.0, 1.0, 1.0, 1.0, 1.0, 1.0, 1.0, 1.0, 1.0, 1.0, 1.0, 1.0, 1.0, 1.0, 1.0, 1.0, 1.0, 1.0, 1.0, 1.0, 1.0, 1.0, 1.0, 1.0, 1.0, 1.0, 1.0, 1.0]"
2026-04-04,shiprocket,Improving,0.5,"[0.66, 0.81, 0.96, 1.0, 1.0, 1.0, 1.0]","[0.66, 0.81, 0.96, 1.0, 1.0, 1.0, 1.0, 1.0, 1.0, 1.0, 1.0, 1.0, 1.0, 1.0, 1.0, 1.0, 1.0, 1.0, 1.0, 1.0, 1.0, 1.0, 1.0, 1.0, 1.0, 1.0, 1.0, 1.0, 1.0, 1.0]","[0.66, 0.81, 0.96, 1.0, 1.0, 1.0, 1.0, 1.0, 1.0, 1.0, 1.0, 1.0, 1.0, 1.0, 1.0, 1.0, 1.0, 1.0, 1.0, 1.0, 1.0, 1.0, 1.0, 1.0, 1.0, 1.0, 1.0, 1.0, 1.0, 1.0, 1.0, 1.0, 1.0, 1.0, 1.0, 1.0, 1.0, 1.0, 1.0, 1.0, 1.0, 1.0, 1.0, 1.0, 1.0, 1.0, 1.0, 1.0, 1.0, 1.0, 1.0, 1.0, 1.0, 1.0, 1.0, 1.0, 1.0, 1.0, 1.0, 1.0, 1.0, 1.0, 1.0, 1.0, 1.0, 1.0, 1.0, 1.0, 1.0, 1.0, 1.0, 1.0, 1.0, 1.0, 1.0, 1.0, 1.0, 1.0, 1.0, 1.0, 1.0, 1.0, 1.0, 1.0, 1.0, 1.0, 1.0, 1.0, 1.0, 1.0]"
2026-04-04,h&m india,Declining,-0.0165,"[0.26, 0.2551, 0.2501, 0.2452, 0.2403, 0.2353, 0.2304]","[0.26, 0.2551, 0.2501, 0.2452, 0.2403, 0.2353, 0.2304, 0.2255, 0.2205, 0.2156, 0.2106, 0.2057, 0.2008, 0.1958, 0.1909, 0.186, 0.181, 0.1761, 0.1712, 0.1662, 0.1613, 0.1564, 0.1514, 0.1465, 0.1416, 0.1366, 0.1317, 0.1268, 0.1218, 0.1169]","[0.26, 0.2551, 0.2501, 0.2452, 0.2403, 0.2353, 0.2304, 0.2255, 0.2205, 0.2156, 0.2106, 0.2057, 0.2008, 0.1958, 0.1909, 0.186, 0.181, 0.1761, 0.1712, 0.1662, 0.1613, 0.1564, 0.1514, 0.1465, 0.1416, 0.1366, 0.1317, 0.1268, 0.1218, 0.1169, 0.1119, 0.107, 0.1021, 0.0971, 0.0922, 0.0873, 0.0823, 0.0774, 0.0725, 0.0675, 0.0626, 0.0577, 0.0527, 0.0478, 0.0429, 0.0379, 0.033, 0.0281, 0.0231, 0.0182, 0.0132, 0.0083, 0.0034, -0.0016, -0.0065, -0.0114, -0.0164, -0.0213, -0.0262, -0.0312, -0.0361, -0.041, -0.046, -0.0509, -0.0558, -0.0608, -0.0657, -0.0706, -0.0756, -0.0805, -0.0855, -0.0904, -0.0953, -0.1003, -0.1052, -0.1101, -0.1151, -0.12, -0.1249, -0.1299, -0.1348, -0.1397, -0.1447, -0.1496, -0.1545, -0.1595, -0.1644, -0.1694, -0.1743, -0.1792]"
2026-04-04,zara india,Declining,-0.0714,"[0.065, 0.0436, 0.0221, 0.0007, -0.0207, -0.0421, -0.0636]","[0.065, 0.0436, 0.0221, 0.0007, -0.0207, -0.0421, -0.0636, -0.085, -0.1064, -0.1279, -0.1493, -0.1707, -0.1921, -0.2136, -0.235, -0.2564, -0.2779, -0.2993, -0.3207, -0.3421, -0.3636, -0.385, -0.4064, -0.4279, -0.4493, -0.4707, -0.4921, -0.5136, -0.535, -0.5564]","[0.065, 0.0436, 0.0221, 0.0007, -0.0207, -0.0421, -0.0636, -0.085, -0.1064, -0.1279, -0.1493, -0.1707, -0.1921, -0.2136, -0.235, -0.2564, -0.2779, -0.2993, -0.3207, -0.3421, -0.3636, -0.385, -0.4064, -0.4279, -0.4493, -0.4707, -0.4921, -0.5136, -0.535, -0.5564, -0.5779, -0.5993, -0.6207, -0.6421, -0.6636, -0.685, -0.7064, -0.7279, -0.7493, -0.7707, -0.7921, -0.8136, -0.835, -0.8564, -0.8779, -0.8993, -0.9207, -0.9421, -0.9636, -0.985, -1.0, -1.0, -1.0, -1.0, -1.0, -1.0, -1.0, -1.0, -1.0, -1.0, -1.0, -1.0, -1.0, -1.0, -1.0, -1.0, -1.0, -1.0, -1.0, -1.0, -1.0, -1.0, -1.0, -1.0, -1.0, -1.0, -1.0, -1.0, -1.0, -1.0, -1.0, -1.0, -1.0, -1.0, -1.0, -1.0, -1.0, -1.0, -1.0, -1.0]"
2026-04-04,urban company,Improving,0.0675,"[0.37, 0.3902, 0.4105, 0.4307, 0.451, 0.4712, 0.4914]","[0.37, 0.3902, 0.4105, 0.4307, 0.451, 0.4712, 0.4914, 0.5117, 0.5319, 0.5521, 0.5724, 0.5926, 0.6129, 0.6331, 0.6533, 0.6736, 0.6938, 0.714, 0.7343, 0.7545, 0.7748, 0.795, 0.8152, 0.8355, 0.8557, 0.876, 0.8962, 0.9164, 0.9367, 0.9569]","[0.37, 0.3902, 0.4105, 0.4307, 0.451, 0.4712, 0.4914, 0.5117, 0.5319, 0.5521, 0.5724, 0.5926, 0.6129, 0.6331, 0.6533, 0.6736, 0.6938, 0.714, 0.7343, 0.7545, 0.7748, 0.795, 0.8152, 0.8355, 0.8557, 0.876, 0.8962, 0.9164, 0.9367, 0.9569, 0.9771, 0.9974, 1.0, 1.0, 1.0, 1.0, 1.0, 1.0, 1.0, 1.0, 1.0, 1.0, 1.0, 1.0, 1.0, 1.0, 1.0, 1.0, 1.0, 1.0, 1.0, 1.0, 1.0, 1.0, 1.0, 1.0, 1.0, 1.0, 1.0, 1.0, 1.0, 1.0, 1.0, 1.0, 1.0, 1.0, 1.0, 1.0, 1.0, 1.0, 1.0, 1.0, 1.0, 1.0, 1.0, 1.0, 1.0, 1.0, 1.0, 1.0, 1.0, 1.0, 1.0, 1.0, 1.0, 1.0, 1.0, 1.0, 1.0, 1.0]"
